PC1,PC2,PC3,PC4,PC5,PC6,PC7,PC8,PC9,PC10
1.1627222610130823,-0.9296218307353448,3.2123410231379825,2.248646887498895,0.11710534822053799,0.1642207453539705,0.9665711454053071,-0.5961279153385279,-1.484566804082255,-0.4531611860150368
3.2178304747881246,-1.4510208354216247,-0.48153237757834444,-0.8498142126688829,-0.13877961878374104,-0.6313401064508732,0.40367654397402686,1.0585913488578425,0.4193534976542304,1.4757821479652264
3.1436037602632774,0.6365687653737865,-0.3643007721115442,-0.6074849740466043,0.045832266098879054,-1.0039309060654518,0.6815046887023064,0.18565038389216984,0.05785252500945146,0.47070437937072745
-0.4649080858365393,1.4097060519718916,0.39532262928993384,2.7972580189169105,0.8746593636506339,-0.16074203903835924,-0.6445823043283818,-2.1590044412550076,0.87793274911774,0.24384803118605383
-2.268662600026087,-0.38868296692112897,-0.06895600419729539,1.1701350434545315,0.8391755628551174,-0.1418719689861602,0.7290380327396824,0.033008273386474635,1.067675452512724,0.5534526547183293
-2.200816636171766,0.3265473398795595,0.46450721101212594,0.051907064032840136,-0.44907077058227485,-0.7428581211667883,-0.5146248711738994,-0.07450981843795614,-0.5280836639399851,0.5422453138165325
1.9674235464534016,-1.7507495949207643,-0.8555829197111507,1.940386925731707,0.11227776346772825,-0.9755276077653471,0.6702437952740787,-1.393552834857979,1.739673830571981,-0.0785661589233815
-0.7079701945083142,-0.9178774114050325,-2.474659133890122,-0.8856150994123769,0.37515539956887056,1.317847227707147,-1.1825796425420987,-0.6373823470068211,-0.6503512840438558,0.740087315578821
1.3971035382218118,0.01791964244792755,0.18704757755943793,-0.3135899097860401,0.4907868292401506,-1.1611792370241807,0.17759113983880204,0.14282581837231717,0.13615957232170625,-1.3655466177792046
2.715818465933682,0.9720334785409228,1.7525594208007063,1.2929464691841714,1.015729705784552,2.0238943583947733,1.0925001154779355,-0.7371063848900882,0.2200855553414154,-0.40194163124955623
0.02238540766461777,1.1221511378169047,0.2709796906386434,0.3120879431467725,-0.7966583204536696,0.11530904268055674,-0.6181890427833249,0.826533937269449,0.2935099049436859,-1.415221058609857
-0.6744647812002388,-1.8973202884925078,-0.4481863464757966,1.6889903108675337,0.7753650570112545,-0.34741654792412874,0.19334907671295398,-0.05972958059605495,-0.3890350737495321,0.010941342333164936
1.4530742554676612,-0.09747839644160225,1.4701819115699875,-0.8437523463507329,0.5504010312755415,1.4395735367749132,1.255254908050016,-0.4108585229583495,-1.0002142836750065,0.37677093218227664
-2.009169404911035,1.184945246237981,0.7718228394949546,-0.546784298147976,0.38489889695430896,-0.4773160555905806,-1.3585839251522431,-0.49210211423477446,-0.7437380701114021,-0.3473035799623318
-0.4929211742811807,-0.10453232139114932,3.045165641550356,-0.4903735152228029,-0.7423543472594101,1.9114647393869522,-1.08321575618398,0.6275282767649599,0.585348386138472,-0.9761710465212362
-1.3662826805346688,0.4148581871915083,0.9252967395438328,0.5541894400667758,-0.8441124132674661,-0.1629278353195275,-0.7049648687664598,1.1005206120039435,1.1333341587266548,0.26866314628588756
-0.4573903752577752,1.827076316541738,0.7348025923916436,1.6950425721330058,0.012210648249141354,-0.737215292111684,-0.4696074232499113,-1.338040687221019,-1.0414310844928287,-0.7708687629587433
-1.0315738971544928,0.32617020095248433,-0.17790884414654698,-0.25713638349975937,-0.36665604986223294,0.09892530104366087,-0.7755116159252824,0.45849407854435775,0.6224316050496419,-0.32545544912384206
-1.7745952436860364,-0.6174929954125029,-1.348661306269504,0.15691819882190994,-0.6298990003130087,0.5308033010904808,-0.5341086472785749,-0.03459137007678572,-0.15683466373883756,-0.1775960348180227
-2.2250268069344012,0.18550893700507767,0.45611597809058985,0.05437895936070715,0.017585045002051436,-0.4291465636716388,-0.897637838056301,-0.14658563181681153,-0.5032610516724065,0.5602967454493318
0.12822153924694024,0.38826559390203025,0.25610383421140226,1.3190066031474066,0.32544978698838734,-0.8991830552436136,1.3758407693009045,0.7356743914987778,-1.8928035166172636,1.9123910912863167
-1.436909954400665,-2.974623137689206,1.7688828616092163,0.6119654511290987,0.16605688477686384,1.0902120773754214,0.6559968529424232,-0.26612621414092974,-0.7261930337208969,0.4805086880905568
-0.5255183660026261,-0.4949385153459377,0.27350673568136374,1.1089037914399014,1.0074316357434674,-1.3057960959837036,0.6026161133773236,-0.3650559827666734,-1.07479138535454,0.17504166703274238
0.8336592351230969,0.049489940017925456,1.1930993666418175,-0.543148186781045,0.4744295096151833,-1.9984546635974383,-0.1761285944711793,-0.44417153450992747,1.4344313634194015,0.19074092845034793
2.8555588317806895,0.9249962306139344,-0.036878018316263785,-0.4130628169817565,0.23752356160421642,-0.6691467653549482,0.6012010975253053,0.40661247866307576,0.6615337994543926,0.5517556137282089
-1.1728511127275796,0.14485360702746766,-1.0438002523650889,1.6635530214516139,-0.8288960645965219,0.22265500130777865,0.06185688259889176,-0.7768792773181731,0.4087117240231537,-0.152360989117767
-2.0681538862886293,-1.4943711791926764,-1.507046099806938,-0.43972977468981334,-0.16190001784682637,0.15183914447451696,-1.0729965260229475,-0.8289707945498385,-0.6924779821812813,-0.24862963021691478
0.7035178836637925,-1.3330110210359214,-0.007882668287171291,3.8251557589304506,-1.8772425428872486,-0.4414145957168459,-0.3006595911382284,0.3638651849790946,-1.1238169068639474,0.3760615344817468
-1.3571322780913821,0.5466183996491071,0.11336670548374375,0.02378091916736876,0.34736243142236595,0.4440048888490546,-1.1920441565368223,0.07617210363744384,1.3174479843051297,-0.10606493423987741
1.475146346817437,2.96412085571444,-0.6369659540580402,0.492227862770968,0.9701334555619395,0.4311499928345915,1.396188013755881,0.5178304131842929,-0.012267714035740123,-0.11521072925812118
-0.6704827704223997,-2.0828821014313585,0.22435086074706248,0.5639785710831272,-2.175013898119582,-1.441002330300576,-0.6656914320630662,-0.004920339406521038,0.09008495517760182,1.5954399515162578
1.3059246395138386,0.7559910880937362,1.1466755113063776,-2.402499167009835,-1.1576766427895142,1.2900372235653441,0.12358085751951656,-1.2422739181253086,0.10171591987479921,0.6405468469804241
-1.219494506985092,-1.1618146599817107,-0.23397709051244484,-0.8234416268899242,-0.15757989684327706,-0.3087009076357125,-1.451778951282602,0.3720238790740228,-1.1541297810019395,-0.22729496414590458
0.10372267088471966,0.900148371082697,0.2478122879022492,-0.0012340317933265167,-0.3504143135876699,-0.06397152857314277,-1.1263565021142405,0.22806836872481023,-0.011298261016897187,-1.6171287111047872
-1.638418749850343,1.2705281697702846,-0.15862024282636233,-0.47332793738788026,0.5574206212497114,0.960135070360394,-0.7543464846861598,0.27867640267149285,0.1511532333382492,1.546641970310764
-2.1532413550957763,0.8942721221539336,0.02211910337973092,-0.5260707500901285,0.2261673771426467,0.5535232257839804,-0.7503572515649672,0.25198358935327625,1.1447121896621333,-0.32007943778180714
1.751217273529364,2.5393470353273964,-0.400254883052662,0.6865586347937024,1.065120851260201,0.41422903289128515,0.98490774081422,0.5913502274571564,0.20717426723917534,-0.03429106700168764
2.2891299585528033,0.016002290941753133,-0.4229579384389783,-0.5501157199291884,0.8951133135081344,0.3197688379449226,-0.003910226599869504,1.3260113990208053,-0.428372528123486,0.054831406410208956
1.9321993594374598,0.5139794951558927,-0.9260706912623757,-0.8604374942615333,0.5104813519254641,0.3836439243270643,-1.7228770557737003,-0.68053268679988,-1.1208410511773257,0.12186684551935942
0.8330110451037516,-0.33025061766566915,1.2751583954601513,0.24780411481338385,-0.9138632573230259,2.4294547099661963,0.17597666016853045,0.2587501032916951,-1.1282336411639795,0.8339774750980857
2.442225731100202,-1.5181177348294537,-0.4539668828572484,-0.38365696994548043,-1.0971056141373952,-1.0933041709096658,0.48241401414353435,0.5316957367466034,1.4436760356679421,-0.8867640765336203
-1.2526568776646354,1.8410779792499639,1.586506092499324,0.5030548997817651,0.6432858708502643,0.3551529491270651,-1.667207273913616,0.3569414975938682,-0.14025214194694594,1.8444978176509057
-0.677039879147228,-3.081258926514568,-0.01888770667160402,-0.36689033951202876,-1.5242057003020666,-0.7720491710096974,-1.5732053346983363,0.2982597113038092,0.30573193063418586,0.9227873724219816
-0.707012179883969,-0.5627515685491993,2.026863278832922,-0.09116629860371765,-1.29074274796055,1.4220406219438053,0.07488550976930951,0.04830795394942025,0.08712017680597195,-0.07290097469529135
-1.245350247360136,-2.1455670771379713,-1.570130626574457,-0.7365624739024365,1.0088193647490469,0.10481356727202149,0.008670458386286203,0.08956883887618114,0.0814681142512409,-0.8872324845024631
0.7987899624148121,0.7076168655345875,0.5855123902050404,0.3620501697082638,0.6435442146720252,-1.715601006456597,0.5020882941234731,-0.795826047245549,0.1404315623839525,-0.6218946568622482
-1.3945139885436408,1.543227021539874,-0.46991498908666,-0.07606773306782648,-1.4342427895191399,-0.3915144839483467,0.7637306489551199,0.7107749018385022,-0.5365777112020672,-0.07762317022809169
1.5595093284668518,0.5527827457053538,0.4029287313441726,0.9543602961721569,1.0988790062068199,-0.3442824264285617,-0.2233623416516095,0.5646313499882113,0.5283110689703197,-1.4319727578606614
-0.1321922209974011,-4.084839256385792,0.14098571667446994,-1.2708589415082614,0.6168464496498679,0.9451924229365345,0.1627520778404906,-1.5669239002261293,-0.9876492633063773,-0.276972799623764
0.2893134712513438,-0.016883331766990736,1.8091469440722112,1.530573572188485,0.11182634575165568,1.053184977338598,2.3438615563881435,-0.7195721398891477,-0.35479605841631895,-0.7978071548647501
-2.899400243174793,0.507160137633746,-0.7056766424307266,0.09525501993090119,-1.0067435020613962,-0.2682094386786406,0.44447884410592076,-0.9281888905053873,0.5301691994222187,0.8027542010165761
-0.19947753054885503,1.3334638822311924,-0.03858013113750478,-0.9405251924336966,-1.4511628712932032,-0.40212957046981107,-0.3498723235711537,1.1712499224896988,-0.21104870730482336,-1.5040157089830475
-1.1834192226249634,0.2008745892792453,-0.841082642312568,-1.5210031554224008,1.2058775684263225,-0.6872116343960073,0.9529214180340912,-0.4667072726536339,0.19845369737012125,-0.2910297396296704
-2.6595690113482586,0.20984927517326749,0.9699880705874647,-0.0067640425461048944,1.376719957026289,-0.6134028754591276,0.5132394086182983,0.4550805861891695,0.34541476814780214,0.4455747452354816
1.1842174356488564,1.0283544833229032,-0.4119894553289377,-1.4377926443073932,-0.3745444999702022,0.20769946939877693,-1.267397651848623,0.415647346684529,-0.11218626189862811,0.45536311772281485
2.708730064791713,1.0271582018413503,-0.7502024909222966,-0.2549221576416987,0.8841314887709083,-0.19438767835151155,0.4344215628406223,0.24462667364752055,-0.5667829876694983,0.08995347904341175
-0.10476182961509943,0.8986594336731086,0.8957738002219293,0.11422703462786594,-0.2660112390406526,-0.4931522542746303,-1.2163633487660612,-0.3034015670962328,0.3666403989785205,-0.656281854667758
-1.2059503935720302,2.104763145893373,0.10836655705654151,-0.9842787670910307,0.9819706199713758,-0.3092264137938527,0.9850562027496337,0.496452416696622,0.7222310942981164,-1.4124108344777881
0.2686688574227349,-0.259149434035333,-0.03525293165999562,0.9804317341085882,0.8099131680877413,-1.0231258228251874,1.0922235415507233,-0.5748250343153721,-0.44012467387520976,-0.36156737202352596
-0.1989915476677666,0.3695648317477131,0.41319982306127695,0.13484430926240593,0.33928787254991033,-0.780308573133876,1.0968079798196086,1.085252918865177,-1.003400334617836,2.5774335399217208
0.9624754942508418,0.32841754552500574,-1.7299176943943608,0.31677666183424597,0.3273290538335611,1.4579949691969565,-1.4504143669700087,-0.5627931038579633,-0.4079434538936559,-0.25310727531038263
0.31978787441715323,0.2378715012261726,-0.6361297448146024,2.622406999259707,0.9492690941232876,1.2276542870894955,1.1156374191545027,0.45110198916153166,0.9862145358651395,0.8790344625866453
3.0685066247645745,0.7990987847909492,-0.05236522087249832,-0.9383370253590682,0.09059277336419923,-1.026376063251316,0.6975874460142808,-0.050560966466307124,0.9591731392745833,0.900857097436379
-1.854522669841515,-1.8675239025384074,0.40377138199598056,-0.5764407370234478,-0.707458064336243,2.10737006834734,-0.1961926726123028,-1.2508899877396584,-0.3848895931368919,-0.40744414943546625
1.1783402605322308,1.8187796506136027,-0.22485443613667355,0.06666119258249016,-1.4490664506548478,-0.6344064216135797,0.06307160296713801,0.07677659555988611,0.024541665671975226,-1.2156024243924857
3.09733749429302,-0.04121782698818998,0.04780402838064359,-0.4369093086692655,1.0349010765976183,-0.5658497682349358,-0.451069929229449,-0.03313104879787906,0.5906229225995514,0.6372543864591709
0.34592280500432376,0.047318081408191034,0.6730688070341161,1.76481297682807,0.28539275921354834,-0.9214274072187861,0.8675765336751459,0.7396007836486133,0.6602861388030554,-0.0468895123396135
-0.17934390937364525,0.05088078175593636,1.2099997477104694,-0.06322553735391624,1.1851351756060502,-0.6427187169761226,-0.6802038472533054,0.9843545070485565,0.6094149937208145,-0.7769680645465988
3.5357752048465,-0.40171900602871036,0.20279611951473,1.6523119650125726,2.1450782043873553,0.5304230065104111,-1.3963474500117379,0.35310073943014264,-0.14401014213801935,-0.25297954457492877
0.11648700841849736,0.6789840287383965,0.45984258572796094,2.129780179519472,-0.13574059803403046,-0.1546927275013457,-0.8465539360304386,-0.335179543674501,0.7300936256971109,0.3224690822232824
-0.9578093808570995,-1.878039684271447,-0.7063106462348917,0.43763321843381664,-1.1188701789856115,0.3670557383286523,-1.238703676889384,0.9476340853940955,0.13978865003465635,-0.1907956597692401
1.048433041140553,-0.3276704032940483,1.608568618255838,-1.6972026366450137,-1.5882239524022528,0.4897312440124359,0.11143280572878003,-1.5023078384203892,-0.1831092840589298,-1.2639481302380502
2.9870433226555906,1.1058704107471702,-1.0206825559270738,-0.8718528917644193,-1.1853958660685042,-0.3789139743765609,-0.4360925711522292,-0.1532259537319278,-0.8845393667000776,0.42272609004059963
0.374967466552938,-0.09835456430352177,-0.1617691436492663,-2.092329798129815,-0.012387995757179436,-1.774798868888234,0.7395729994115905,-0.09602063556010691,0.36628291963465637,-0.6558488863858315
-1.7752510654159992,0.9843955553796255,-0.22607965466325622,-1.2152728801448291,0.7987174688549847,-0.6779394472514697,1.4734259973996877,-0.08356361550570854,1.2753208277733277,-0.16029903473684795
-0.49928163439392736,-3.304216953516985,-0.8217577524593509,0.06270556081945029,0.9511372550428007,-0.01287703880744455,-0.8951421281089929,0.7757417981591621,-0.2668028184104059,-0.3747703648408144
2.5544192383197757,0.7620501418742123,-0.34626922953653805,-0.12281794202918017,1.0200415918214063,-0.4127540898718686,0.1276901391190729,-0.01944683697430324,-0.04785120339256391,0.24370341488350264
-0.5014721851644756,-1.8992618225952254,-0.9754962803840662,0.06846582360007054,0.6586753973213331,-0.4128984451168711,0.12327243459724922,-0.18377323843795643,0.5608320715923868,0.22765935065780765
-1.7063051666053342,-0.03824732444090449,0.7956437799999848,0.8754711920803634,1.380186008012879,-0.7021674679838023,0.585351195492406,0.03342313888081683,-0.24658094729884492,0.12880531035192228
1.6695420051425973,0.21056027267084929,-0.3750329985815022,-1.0797182463875177,1.0667865362906315,0.5990370269831541,-0.4602846713902908,2.069192269424171,-0.6557961890198157,-0.24599700931751847
0.6985595400774325,1.9338670276896393,-1.0597123938309083,0.8631047741863832,1.3037204980072077,0.18921734060813028,1.6046876540599142,-0.3937550629001684,0.24354119159997129,0.943769745760588
-0.4595910173409811,-1.0106440904078835,-1.5150419543766789,0.745191871594122,0.5691419100430912,0.3207887859906293,0.9282773982757446,0.16686303906505257,0.3339140446793679,-1.0586625920338741
-2.1445667642392676,-0.4739386152982553,0.23025475256756403,-0.5882380020663157,2.3860254554604654,-0.11474921498305246,-0.37617709537705,-0.18590030376853053,0.2506753830851482,-0.017970851483390917
2.3925051187407487,-1.5349192609518445,2.555981351937608,0.12482991828343155,0.9012845319787564,2.0270354927352083,-0.5385093536195963,1.0738656854589048,-0.6265041898250734,-0.08062108136746018
-2.274240976541792,-0.26199601035043285,-0.009904472711736079,-0.4561334200392766,0.3003542223047552,-0.6021109300441329,-1.0770164784146674,-0.6772170150623972,-1.3222568783766067,0.4205336166352728
-2.103221606508988,0.027990794531596683,0.5878705696777201,-0.3022778199477147,1.4950724494460077,-0.19537212335489487,0.27869334146000607,0.6797060996031624,0.7540803106837004,-0.03568794299322339
-1.5789228759380431,-0.20635533092212727,0.20446787000829683,-0.4022664700014036,1.2157442354959618,-0.2967560771993912,0.3821707648986724,0.8510789647875472,0.07183919201653866,-0.1689119240563133
-1.0956916367334442,-0.8085096080440439,-1.229091801949328,0.2213444314607862,-0.3093292756886546,0.041860972403178556,1.3562458102658774,1.3435216920242024,-0.12206089997991366,-0.4799900621561828
-1.4394560249583181,-1.1141091806335752,-1.0771913162202669,-0.1720098575979023,0.5208090242473659,0.44535072392258734,0.6184458880424216,0.8970831214062543,1.1039049552430868,-0.7715641749832913
-1.4783098969011497,-1.1408115401897643,-0.9984810627537598,0.2257913933119896,0.5510172533520031,0.019683753178246232,0.6628994495412859,0.465155384887309,0.28699424801015677,-0.271392448834642
0.02901557759500052,-0.7675629352302635,-0.8120477933939263,-0.22641914099940905,0.7628245352816769,-0.7225538350554835,0.7523625919593451,0.2194087813193303,-0.937703801736447,-1.1017159854734047
4.161945225969053,-0.7391577204742,0.5362157049569858,2.7262342717330283,-0.7605674563584138,-1.5499730735030628,0.2555958684502825,-0.9509846064839709,3.4947824492838286,-0.10889433324825495
1.5374004106010175,0.33372775754631445,0.7424481151880744,-0.4983752133173169,-1.5620293040068123,-1.8766366443249354,-0.7006439530284786,-0.8982447904828019,0.5990232749024942,0.07808259765608602
-2.2461465906542575,1.2562861223828192,-0.8034110601054126,1.5348458944356007,-1.0446244273593388,0.3790774871874837,0.8541342835988056,-0.6214389538984286,1.0484061835027547,-0.16814420333787886
-1.6207241261127332,-1.8423119969337867,-0.6638521545668331,-0.05972008259034155,0.33829460737678163,-0.13675137446166916,0.38353693742082445,0.8646074072398237,0.3300428663683569,-0.3913366645373796
0.14561795641736497,1.3185086169102576,-0.3362712210736627,-1.9002963295815174,0.1403403815298078,0.561979985952217,-1.285405805215992,0.2356387384245877,0.07816879114481802,0.37022447494121996
1.7827362633371626,1.2069915504108573,-0.6122270371952248,-0.7561331973625931,0.8086065623395156,-0.353805116076912,0.7387396395453345,0.11243388392300525,-0.4501453576150523,-0.016881566821103183
1.8273803346056043,-1.4021461630028305,-0.18693056594135454,0.4556470324373831,0.2521631686007241,-0.8191829061337699,-0.364486629800533,-0.5112041424227973,1.892608271975947,-0.8043594530640148
-1.5872917994864122,0.3802145890374247,0.7827710249715606,-0.009219983464585454,-1.0267229497532808,-0.8467405408618202,-0.3105466662608024,0.3497348006312973,0.2481710327537221,0.9246907989302372
-1.9736899039164322,0.4796330409737663,-0.08847953551560386,-0.8342913121956733,1.2782486108355158,-0.22821006146429082,0.8108941015833495,0.37328774470971415,0.9297317810359598,-0.5377713451362859
-2.05094047487044,0.44853428197053785,-0.406900207383537,-1.01899802961812,1.6464928933590457,-0.2643503741453154,0.710339427867837,-0.19138188245059254,0.5602117082525154,-0.5387474844673986
-3.214062715640831,1.1204252220879816,1.1801438318529678,0.5016191116366439,1.2093474874051695,-0.8034210726484684,1.164263329455325,0.286833087935934,0.01632184263997929,0.9640647724026613
-0.9390953429815501,-1.8364728747476786,-1.5074388058512265,-1.007284081030975,0.5481587010601049,-0.21355347250891957,0.4513510829527928,-0.08286210746978348,0.6288012972436627,-0.49716333864508366
-0.30596223716180254,-2.4162995704531425,-0.10081051437569946,-1.279015148319335,-1.3162267417808255,0.5969892611737203,2.326680961607096,-0.4031908870287399,-1.1350801372622286,-0.5383898453663626
1.1426140898812884,1.539888748695922,0.6671599052370146,-0.2000721587820441,-1.4912155592760756,-1.702903110529263,-0.07473905276631734,-1.2098260878977827,1.054883067841964,0.23372108841887637
-1.4340616112588072,0.6232258137817815,0.15183827871235184,-0.9329581464603807,0.04683603549907016,-0.888737336346723,-1.2604060790992089,-0.6216632919281535,-1.9174950165783846,-0.5588530441646746
0.32652881002218015,1.3962853358259917,0.25866710236231694,-1.5527258351911508,-0.6751483367037326,0.5854660418564567,-1.0122411852376942,1.3747492439933027,0.7472208420812727,0.35569094545301855
0.4526463254371483,0.340889384467796,0.6838310420694796,-0.18007959943578125,0.49135290183499203,-1.187483877901425,0.4051443110042703,0.3158522460686017,-0.1245044378137569,-0.9840510828700371
2.531313309174772,1.3901903269557545,-0.5913005474485596,0.1542182384167127,-0.32720900863011476,-0.20980636321273713,-0.9839611336996282,-0.776660012465525,-0.2312053661188916,0.5075838696507278
-0.1199887223294011,2.3973513253701992,-0.21657535974923614,0.39612047920570964,0.020656591515263324,0.10761866622621692,-0.43828531305711405,-0.6694608347019321,0.1624173673704965,-1.3787906071531069
1.5904041254696286,-1.0330492315872228,-1.2498759383516493,0.20793189124127862,1.358753977760187,1.0364760937975093,-0.6915120317747752,0.5900259644388958,-0.22497315018118383,-0.5144062648837684
1.327190667272715,-0.17343749559906074,0.6322176204566392,-0.7394381166396937,0.40280207338599805,1.6778642825019536,1.9901942461777564,-0.6097335276018544,-0.34319586591564216,0.661644988124783
-1.797580860972497,0.7736403507231729,1.718076899826184,0.9363468311311626,0.9469484682839658,-1.2866057456695832,0.6148979637492179,0.19576511410863545,-0.577810190974582,-0.08303752117450235
2.040342436979078,-0.6310843587952022,-0.22060953569705222,0.39348114224973935,1.7481638901511414,2.6551848280729904,0.2926458661152229,-1.9777151667820874,-0.3753647057300491,-0.30050291633958753
1.325688619473792,-0.5024813064405241,-1.085707873937877,0.6452062313481017,-1.8032007558426812,-0.4064927479067876,-0.587964873452205,-0.016965275367348844,-0.8530743498764828,-1.0604996068190051
-0.9723978030913926,1.5842578287826818,0.808321499468326,0.977861062239186,-0.4084889912940478,-0.098411108684663,-0.4989293033255046,0.39529097451944956,-0.6629492388237945,-0.4585396412797954
-1.216925784816641,-0.9327689576040061,2.00789368111174,-0.8184362353080746,0.06067430393850434,1.132598226672254,1.536491874116858,0.5327641025022759,-0.07811982151031792,-0.46585530512450646
-2.2984567489455627,0.7212354963446561,-0.7285358469359363,0.7522747154349319,-0.10849798505640675,1.1019622679877397,-0.4580406365243076,-0.38031104249337655,2.4833100435668642,-0.08551036072008812
2.945618025610617,-1.1425209572389774,0.9355226105984842,-2.9910589099094023,0.22393220565382854,0.48844494503324193,0.5572120395760123,-1.226073361997992,-0.3074281774713878,0.7572927441076529
2.3282214297733113,-0.06956122761384298,0.13305226617724927,0.24405564907581076,0.21235271605351833,-1.3331040058641308,0.1402649616718339,0.223412938312895,0.12240228095680479,-1.2224379722032146
1.0866797221511637,0.21946160211663693,1.2969511756305996,-2.7790689257849808,0.7308530796504547,1.5278253203988574,0.9841558840002587,-0.571935323864768,0.267902562328437,0.35630261777588795
3.044776130153673,-2.8952427923926747,-0.7378781916827546,-0.0836842100395908,0.9978384710271943,-1.553529906859058,-1.4501924488978015,-2.232772109921713,1.2406534546605335,-0.3226581678954807
-0.2550697048862847,1.928623104884974,-1.040827629293919,0.4789265997019695,-0.3375969505557761,0.3494420049697738,0.538787688787792,-0.33063499431863275,-1.1696695052344426,1.1680809873898597
3.8796587579550246,2.064968275859502,-0.29367839843408494,2.7151105286820987,-0.291456450602744,0.3897090738361948,-0.9067962559953364,-0.3515566506889831,0.020598633007203545,0.21238332435699833
-0.2527388322224457,-2.1041953975073655,2.76080098841515,0.5028999820089174,0.15272853740909512,-0.23332901656571184,1.066386350616194,-1.030170859789244,-1.1780032099180466,0.7072664262277161
-1.838400965592189,-0.7444555405385829,-0.18412966238053402,1.6636915111955515,0.9872746208239128,-0.09641297550195055,0.7399386860893158,-0.29841554053230757,0.431344645793431,0.11048936504672129
4.628302235730193,-2.3911272384293754,1.5756121994265018,1.6067668402205264,0.634548690475921,2.3545260902212397,-0.6209803059902458,-0.6572504311912305,1.8110136425651149,0.3209963666622276
2.142558384687267,2.094249259395736,-0.8717780461975264,-0.04429147474433026,-0.4566142850390319,-0.04865700336027413,-0.3926246325327734,-0.7192640768189524,-0.4250655226930722,0.3978524470746881
-2.7474752678496683,0.993111880891135,0.42580511366125023,-0.019375504880030796,-0.20867152334883507,-0.33576251115615535,-0.25552880423575686,-0.03902495372828876,-0.3165041731875823,0.521089985033877
-1.6832505581515798,-0.48371544055236365,-1.3735953023577705,-0.2596407651097384,-1.3764210558719312,0.46198123868304886,-0.060203082317225334,0.5417318519168176,0.6295428481463925,-0.7111493523990395
0.05509179193679833,0.5799906297763184,0.27832072990974654,0.08316280039540432,1.0365646116951677,-0.8295600990294592,0.3172789220351515,0.14633125580703604,-0.8846019363124398,-1.3609892069609222
-0.434149487993522,2.1938756652517255,-0.5389603805329294,-1.7623604404929045,-0.33970352914354857,-0.13544165047332996,-0.23687658607745943,-0.35731308769122433,-0.924705226465349,0.7780807970382504
-3.4007796951320994,1.003870185900106,1.1812763988271606,0.1979286741385271,2.061512822550485,-0.25178585934925296,0.5087725650116891,-0.09432686099662471,1.132857532394436,0.6666759270081518
-0.9292310006762085,0.07086273947054404,-0.30146685950968916,-1.1237773780356541,1.974449897874495,0.8535078019188984,-0.023353184561465748,1.0096829523166042,0.5863469010059779,0.8156689326388669
-1.9855870138336582,0.3908283003072374,-0.9547049850443792,1.2785409945334592,-0.5288733300566457,0.611263222483081,0.09715285337521744,-0.6348614827842533,0.5562560598823982,-0.2742059362514053
-0.9329845205945807,-1.381359680068049,-0.26964190230845536,1.8452306993271053,0.5635667244873079,-0.38493294962628094,0.563276980445914,0.00039607006738806924,0.03441592496436862,0.0818145180210401
3.060979257924659,1.4444950045967444,0.03045491670231539,1.6791436832997175,-1.1210959296743432,0.5283895888312494,-0.6403723626905274,1.208883250703109,-0.32078254750140484,-0.3620199372147713
1.473843552677656,-0.166315612157736,0.2787969062785155,0.258667579312427,0.006422714056405338,-1.853999942140629,0.516871411261469,0.19499296930513377,-1.8623912234109248,-0.6229453550635392
0.7532606951479198,3.206116397379228,-0.575313465635089,0.4197530879944012,0.34927969334289205,1.1221202678252307,-0.36505699980708645,-0.18154429826917362,0.09992577896194525,0.0865693989816104
-0.1400924924074301,-0.32175835430403255,1.6681899532549158,0.7694713615346056,0.6916206940921856,0.8000991129934057,1.6875171239914555,-1.3769359730552102,-0.1580835246775814,-0.29727179899883915
-1.2679030463624612,0.31988125081620916,0.3575739087367131,-0.26420855564110163,-0.36587260684870215,0.5036743614488104,-0.8104081730663371,1.4169659102307537,-0.7700014295584126,1.74488328899037
-0.1299972509994241,-1.318716498284415,2.132856410687463,1.0140401754916426,1.3426995670925896,-0.8725094285404371,-1.336704325170341,1.2696971563225383,-1.0336166238666962,-0.4253395992815752
-2.454779451579275,0.0038502801442519413,2.2653323952756996,-0.4719597213238199,-0.9087756795108135,1.2283058373788869,0.47794728701893036,-0.6079338421442929,-0.4239479595285765,0.2680566241906176
1.6703096574855345,0.6694254183668957,-0.5179579082536679,0.1210240334092509,-0.0007807900909912701,0.12362004573595979,-1.4168141462316264,-0.029624268924798726,-1.955894916129568,0.21812930460398725
0.668908342453884,1.312990760928107,-0.2706094270234556,-0.26619350459247043,1.1965299346062095,-0.20558363200408508,0.6334289206410479,0.2798227780884099,-1.3223751388749034,0.01849088048581656
-2.120518349708618,1.1052501847998097,-0.5337255335221986,-0.5808683906850224,-0.39538111416971644,-0.27645314897598544,0.0840849980413484,-0.210867932446714,-0.6537591776566982,-0.06572577361202693
2.740162521846278,-1.6092179959366626,2.1316038775257464,-1.4505877033354773,-0.17574972391937613,0.3267365225665703,0.45506480519389403,-0.6783772439957682,0.7585844174849204,-0.9058453224368622
-2.7212565598222476,1.183603825056816,-0.2065886529111217,-0.5462872163955285,0.27835865260789205,-0.09103272010406571,-0.30932271617675167,-0.6949135621438097,-0.025155030187056008,0.09916097626727625
-2.1830552303307695,-0.5122984207927783,0.3532379765499229,-0.35847018054797286,1.772060117127647,-0.6984224027402809,0.06398371527772444,-0.04038842295144509,-0.715793128314115,0.32153049075943946
-1.679416387946284,-1.1582156403729449,-1.8103573573207847,-0.9555828163518351,-0.9325923563802656,-0.5199955217021109,-0.2639054482146066,-1.2284207601586443,-0.7180568873843353,0.04218161914429455
-0.5595449154921694,-0.6846514039915551,3.2730381179384658,0.7776803175968364,0.114118968403963,0.963916411486635,-1.4295430199403059,-1.4284536265214496,-1.3213606802555897,-0.2297978747881774
-0.644433180996925,0.1441640786609887,-2.290833095215802,0.6900128293320634,0.6260177526486456,0.19630912755778834,1.7928138399495757,-0.7130378178460588,-0.20290012118816567,-1.024889085830575
0.9090611469983737,-3.444387665002555,-1.9871886338037414,-0.35632629129172616,2.6546413215119933,-0.9284921726088156,-2.0032566807217873,-2.707480210603097,-2.875941239957415,-1.5266797063493915
2.02712484891983,-0.13176740263823233,0.19309032626077682,-0.5514713828266106,1.6201151305313453,0.4253196547300988,-0.8498456504841032,0.9351794618844727,0.2522979494789068,0.022296750818708373
3.036728197765718,0.4142597913248473,-1.3664416777784503,0.9910923928813499,-0.02664510703214583,-0.3074737161055835,1.756829587550467,0.47106041503268564,-1.036035825664433,0.5318613259968716
2.6739467151514122,-1.6544960025960949,-0.7990989934475872,-0.7273996069641355,-0.5224122872741084,-2.171403071226274,0.8946523876479394,-0.5216524064854632,-0.0723851536911906,0.15162815970590143
0.31879105382570794,0.9607110961779362,-0.19359702025433712,-0.9760765893902752,1.0591842612864788,0.8998234470019968,-2.224783032779857,-0.07103906673638659,0.07463286181042354,0.3101984693081155
0.13708366280573592,-0.4536100794577451,0.1504737720219243,-2.3900868395349892,0.9533143121571039,-1.3858099111905509,-0.27439497446368116,-0.37659389001169047,0.5240244642457758,-0.8492705060335294
1.3333365590098214,-0.6135902025654514,0.5318568088072271,-0.8618127612270992,0.9794543507171842,-1.3573714919630961,-0.45512127252027307,-0.5644547541650075,0.8521209416965825,-0.9157870756446237
0.10258761827697073,0.07709983419660088,0.1320425529763153,-1.26729173551917,-0.9846092998747341,-1.3260855394999616,-1.1496825089954652,-0.17846467186559145,-0.9019186290784562,-0.6214882754245492
-1.7227670708442497,1.548326406424608,1.9745117189342056,-0.9498154966881935,-0.995098680179099,0.9093290697516361,0.7043043294408124,-1.1665225455434005,-1.2977839120426122,-0.6616279970610954
1.2268673819870703,-1.633288315854389,-0.7842230238196086,-2.954496598101964,0.019337863720864643,-1.1839314155544223,0.5127879990231299,0.46465895098950744,0.019804314154478118,1.5174642997343288
-1.148985495477858,0.216592096985162,-1.2240006935815348,1.5374304847090547,-1.078801394017556,-0.0009344073958378213,0.3396641028390587,-0.8621062477648981,0.12746555299397572,-0.20847554790206016
-0.04839099729862954,-0.3893665983098056,-2.2439341314476,0.6979724666270776,-0.15845428046619825,-0.26011615687110917,1.9266453501812022,-0.20655043814562976,-0.5116698784789075,-1.1277150650435508
-1.4222194850515835,-0.31530083776750234,1.6134552282429895,-1.8338889497022084,-0.9989136908799701,0.7396250055516251,0.5386466514691177,-1.7794981248948822,0.3569617401282176,0.5317772784457446
-0.19097200751737348,1.5624400103589675,-0.05919202733157034,-1.3199894100991936,-0.04505966022626626,0.916723974365868,-1.191336728535228,1.1190306784546544,0.09078882892641381,-0.00024448327028129613
-2.004019846093372,0.3650594397982159,0.33302611200405546,-0.28528901619193064,-0.3885794535265531,-0.0007797973394695785,-0.6597134498550669,0.6699064456457112,0.22793348426193294,-0.0031930454465462746
-0.6786885056811048,-2.0593917109373665,0.5682793941182149,-0.9419128351549461,0.424972004041475,1.9156052509634351,1.2089717184646511,-0.5511922129939065,-0.6774620444791462,1.6105613222588337
-0.3068715376741797,1.5576276200232098,-0.4770027614350262,-1.46878887892843,2.556305627257304,0.9304026028606354,-0.3032525810663955,0.25157042032480037,0.011051771475073075,-0.0075475248025896145
-2.0153755112642524,0.8540983751588604,-0.7755429053929398,1.6858872379574628,-1.4790668097608872,0.1987188293875811,0.9421326717499656,-0.018384247193644978,-0.20510878704410182,0.04548744260742063
3.150134227533562,-0.09384694194691945,0.29442592022138575,0.566115903310895,-0.8811186052987258,-0.09658767653090986,-1.7824888679802207,1.0058823974837483,-0.7955667967755982,0.7099804998219013
1.0839237573042049,0.945935781427977,-0.37073919569355296,-1.2137662929043036,0.8723578638155549,0.7450818914932298,0.12290605568047655,2.251469434123136,-0.46600749922193785,-0.31233705135309914
0.39086563947122716,-1.1382025115358358,-1.1341590051277828,0.8162322990197143,-0.4701781689902811,2.1526471494136037,-1.2836966297362515,1.6437127710782231,0.6109615370882857,0.4196203617234695
0.18460254950018784,-2.732040376486673,-1.7148097526764974,0.4914525751546966,1.452178698252402,0.06320133946541961,-0.4768166382493474,-0.6815956949117167,-0.399125845653185,-1.0262386099008804
2.10824855085565,-0.24194221030407156,0.502268065119031,-0.10123606414406569,-0.3131410199440067,-1.422620449419379,0.5058893092385601,0.615517696022942,1.061867838284799,-0.7018249942569188
2.79531683307458,0.7508365506398025,-0.6256216490767144,-0.29556189827915785,-0.6608460996220168,0.6428444366671241,-1.2185342283595013,1.063182798128728,-0.8406959240027305,0.012421278593586957
0.36711259121941464,0.6377160238986144,1.2631587303919853,-2.989115122974459,-1.7715338429373493,0.20756717844174538,0.7375184288490593,-1.9724642218328166,0.406832530247081,-0.554083734981922
2.558748095962873,1.3206372762097194,-0.39868487382978596,0.18585218802130712,0.09943916404540729,-0.05612154691171127,1.0810640764118398,1.2549826675120213,0.13873515163175443,0.3057007381199862
-1.10386714393251,0.1170583899894732,-0.14984723197868388,-0.3611022258076372,0.3375765872287816,-0.5954310370141388,-1.1134854760509754,-1.2833630892319645,0.256456444166741,0.6933620344057884
-0.5572992052742046,-1.3045609761273973,1.9927878836108093,-2.2716542806240114,-0.23887903360883425,-0.10344491346870702,1.7418111598640613,-1.238281690355036,0.948727481056443,0.6997805584128518
-0.06166520382638805,0.7556761498434139,0.05602680336124804,-0.21543086930096117,1.730697805291662,-0.3670821851583482,-0.02155363719020918,-0.3401557703470236,0.02534772915245492,-1.6725988547424313
2.405918902002577,-1.7289146818770174,-1.6749447889987665,-0.7747137816861175,1.8201313051616,0.03614508585933051,-1.084228203865409,-1.5905808856873067,-0.05787495640535925,0.37669169143511533
-1.7040397325215713,-0.7236444996265151,1.753113398737458,-0.09273865974677549,1.02136586884745,-1.5488751187367236,0.06520656070945434,-0.07423260320831404,0.9211927563603555,1.7800641371822428
2.098047641984023,-0.9718425209839684,2.389025768062891,3.55171617754003,1.248272391207848,-1.2679149464461148,-1.3390624861655531,0.36218514482961994,-0.38449210085580254,-0.06344522550685142
-0.9207118898152623,-2.4720555975446574,-0.9770174353329708,-0.33124649775474463,0.8856344360817339,0.5065252024498762,-0.4136164365815276,1.0698180661186867,0.7488096881976956,-0.849911093493501
-1.7348176824357942,-1.4284798392368476,0.20959843978355372,-0.2267028185205264,-1.8997032102361116,-0.7423579858101067,-0.4099676328984211,0.25611877952245227,1.1858981051357074,1.0296319841646009
-0.5200196823335802,1.3408796146259498,2.186181424638711,0.8802253038946135,0.30073061705194437,1.4934973541245538,-0.008370924078603719,-2.6230488466067,-0.2855310737994986,-1.3309775299877893
2.0353557830263,-0.5088938930012216,0.8515153720156202,-0.7423290146462018,-1.540356509547697,-0.6577462311209422,-1.1503706324396128,1.0770368456384483,-0.5110660915913156,1.7366297835966833
-0.7213663087701003,-1.7470248857571404,2.600037349469763,-0.5315631588112864,1.7898651057421606,-0.5996134916178705,-2.2070448978633888,1.380888746405596,1.1755345657331215,-0.061925714107510056
2.26514669870435,-0.9308757508675506,1.0029014522503812,-0.5579896639632087,-0.3104247524385213,-2.3554320591274642,0.035225604690705306,-0.19115829484369606,0.6150445292815068,-0.1177920353138365
-2.0976105986715976,0.8920428177629178,0.2091652141111883,-0.23670681381399247,-0.6349417103018535,-0.056574949120309345,-0.1820040576547817,0.6597748533325689,0.22674675213623263,-0.002933337789248505
3.640056669645321,0.8323452114875763,-0.3446540240189916,-0.27652847492556915,-0.3027605101591192,-0.6110952959829239,-1.4282114576832352,-1.4748764905467937,0.8177144584588659,1.404427745711642
1.0019549114041,0.971875224194802,1.1527101294140638,-0.8359660112063402,1.4089928131233775,2.5145732599288326,1.0793030543599864,-0.2997009803131127,-0.560511326683193,-0.5981894623375484
2.012478905209723,-2.212101329357397,-0.23782802140013184,-0.47412190269625765,-2.5914329188608964,0.8417485729133456,0.8110754258623675,-1.9071831436835844,0.37730465006772157,-0.011938408775822387
0.38553880490755016,-1.0806157668331164,-1.3010818101463693,1.467999485797748,-0.8881581689213942,-0.5827170671396257,1.680464797046704,0.8890326254507139,-0.5903748280079711,-0.6710462232482419
1.8505238665945873,-0.17024768884448652,-1.682617736167229,-1.3273857288330533,0.15885105470140895,-0.9369338351876487,1.558758966831466,-0.31189591192730337,-1.147983052415349,0.9691951411718487
0.285010392172694,-2.3349839269695845,2.9284381751101263,0.4809239623471061,-0.8801699607949709,0.17051417450545342,1.3709957314779826,0.9096250299681895,-1.3892626693227845,0.35405140785142275
-0.198499912332109,-0.15518581543015092,-1.5483545002060288,0.6571858361140624,1.268045031216531,1.5905607630317624,0.7775821083713347,0.6515023610418708,0.7549473296578912,0.43298442912880136
-2.241374749786604,-0.3848446323132901,-0.7148162206603952,0.7823416779694067,-0.7207399207611548,-0.05715839150302103,-0.3906805993254422,-0.49278911313400664,-0.10318735868525121,0.49090529751067075
-1.0288588116157105,-1.6126562779478357,1.1217289486140072,0.3667107968428338,0.4356494769338127,-0.8820622737531142,-0.1081508741767891,2.077577065339712,-1.3781339156881138,0.5333007846909716
-1.746412172122335,-0.5417457393621159,-1.739971925344774,-0.4971869432930468,0.6516145519217298,0.1437955829164111,1.1643194219403257,-0.06436626327771379,0.45432336327989054,-0.795233411959869
-0.023183848750375925,-2.2969001215522873,-1.251158403220658,-0.4435134160095474,0.012871816313536802,2.030369859746884,-2.3113916764810076,1.6251467900260208,0.3278571032995248,0.6391943783538734
-0.6313879981220256,0.5493223301462016,3.1101841494894136,-1.0246338762882512,-1.7531290706531428,1.1743239369409368,0.009913232382643373,0.4182703190390656,1.101232107586609,-0.6644088322605987
-0.28952053643895953,-1.3210699110093609,-0.8730451584255154,-0.41544044185131507,-0.8024757084449949,0.14157931618939484,-1.7745851085622981,0.44643482390647765,-0.9621074609237961,-1.234600657013673
-1.4272105144185325,2.216042503109594,-0.18659332492350006,-1.1042253951578667,-0.07087420591960522,0.02845949446673537,-0.5059816281389058,-0.23384418422343994,0.22995682822744704,-1.287271087690228
1.9253782917087865,0.16624627598507863,-0.09294577444676215,-1.8237253000467661,1.54663267968539,-0.27351822247053903,-0.3192871661446087,-0.4821044542145482,0.7333136797731751,0.7133843001663369
3.1061584287945836,0.6459562388168609,-0.3093294084041178,-0.40360599757978133,0.7086047089485512,-0.7538227073611923,0.23330803369103514,-0.2571255875303879,0.33913337338130395,0.6344921499784104
1.5898961736919048,1.4101320060763745,-0.01420714183922987,0.1815353235431912,1.0976213093016294,0.7697634552540666,0.27870222828120894,1.5944831957816037,0.0964669442808365,-0.3260852637673058
-1.9743365188923636,-0.057264308875469114,0.28759466293472663,-0.18297123135993518,-0.48801759981697246,-0.48334866373498303,-0.6835556229406439,0.4350099662894351,-1.0134458230343817,0.34129043256852537
0.542940566944222,-0.669568697456644,-1.4337645892786073,1.0377146472092544,-0.5579494190642575,1.5734520543697863,-0.8627655696568481,0.6698852171457464,0.5099588825719407,0.6219428954168673
-2.9207287578781007,0.5430313292052353,-0.9744884518130879,0.29346411536205647,-0.2844327065970786,0.7100686514277235,-0.10541975839632002,-0.5134093284634679,0.8977554362110824,0.03620425530170299
-0.11893961157713932,2.33867699187661,1.1848571595148965,1.9869732442037398,1.0693680096499614,-0.16184243378121238,-1.411202460408378,-1.5375519858269653,-0.4072567370933266,1.962948143578155
-0.864498274731633,0.8184851487063982,0.4432429710644468,1.3879912998315704,1.3807031332976243,-0.47494851976279656,0.8618420578719314,-0.27380076521161245,0.8144332374862167,0.012760499994353833
2.181619365466618,-1.6829642469883643,1.4458163140664058,-0.49212392006107464,-1.3879885726382075,2.6236040698427323,-1.1114304088655262,-0.09862339068679811,1.5005661449847665,0.25337175701978437
-1.456786640001565,0.8659460698992862,-0.6598502096870661,-1.325216429547869,-0.7998081760507634,-0.44979532907718184,0.15746696021045256,-0.27043206862373886,0.3774658859064075,-0.16626258242363326
-0.3328625452595411,0.7810802351594,1.6346565987074064,1.516113808199628,0.5921505698753894,-1.6462806012605151,0.4468827719929007,0.16090836863692728,-0.833580624393509,-0.13102918366263142
-3.1274576619444594,0.38489987894048644,-0.7778118295704894,0.427517159123733,-0.8364658720604087,0.011128150319571496,0.261475178772065,-0.5347838110944795,-0.01459978271877083,0.38789330904792896
-0.2229323560279972,-0.27121676916443044,-1.586478491225821,0.5474556820931328,1.2745443339890856,1.5913037116788897,0.7385688627014336,0.680955970301688,0.6323015653296575,0.3857970372964792
1.2202499606521133,-1.5221817556641661,-1.8273824098592066,0.2928803559858445,-1.6736243668650463,-0.5777174767240817,-0.2668289040612266,-1.0330390833262513,0.3133985917137511,-0.11208006291517149
-1.319197067952952,-0.7810762855290879,-0.02381780607547531,-0.9837436483271617,1.2255280218505873,-0.30362476965687396,0.08298129093994287,0.8100734463943698,0.47096365580560917,-0.6724529234039676
-1.7968509541118125,-0.017610303867832702,-1.5995583540996756,-0.38911493637411965,1.690420623174869,1.0189069118619107,0.7422021497164075,-0.19284504366547964,0.08995789862219594,1.1834066269910015
-2.0492975046143846,-0.9629480738329205,-1.3246715101424784,-0.2806001230481369,0.6292695977235147,-0.2786124435240664,0.9842336846341919,-0.18013072472701688,-0.14328322224153991,-0.3601009797995486
-3.284023897998502,1.1260566330957233,-1.3365872081386845,0.05691806380185406,-0.49405570332151016,0.32853359492458334,0.563458920529454,-1.099465812854781,0.582759211938289,0.015544362484254424
2.892785872134864,1.3495879085544813,-1.058904804400081,-0.7215457651028452,-0.7331263199923131,-0.15816341183760502,-0.5904957961599636,-0.4928737163190979,-0.7003943458675264,0.5358339498320581
0.7621996987686086,-0.37275364982546033,-2.0511185455007555,-0.21702613542199764,-0.9508102805858829,0.12699464720435608,0.0029673446015740933,-1.509448297370028,0.5658277714111052,1.3977292668376908
-3.4764388825131434,0.6067528867120444,-0.3105594232592273,0.8842310059461029,0.04797573210972797,0.362211697708694,-0.3234010233968698,-1.0717933407095224,1.0023277177741083,0.7216066470839979
-1.666304348758507,1.5259327033092054,-0.8013318833201665,-0.6828609597028391,-0.7372235101141581,0.07436371174146802,0.4078896039528945,0.2789650476985254,0.07435762558519066,-0.5152818455571528
-1.2625953849292693,-2.2321475664609425,-0.49913160547690033,-0.3899552826102958,-1.139928067874084,-0.02104371069875172,-1.2948174999343163,0.4578406817774709,0.5954717379759044,0.1060352173316446
1.0208825303631974,1.1625390724739475,-1.362219685143877,-0.5841747491267617,0.05293051680821209,0.07738886092865963,2.1411304857039295,1.0146947682535672,-0.6630117476485848,0.5927449824135033
0.4806245579569715,0.33817412691706933,-1.1157811215617557,-1.6739150450864297,-0.13317723739062623,-0.25028614160427143,1.5997794899839615,1.4880643463542498,-0.4559993734303102,0.8289792369514688
-1.3980378661566106,-0.7365018560150508,-0.40745560467952924,1.2812377951059684,0.39625103220768476,0.19521847704347947,1.015859895702789,0.5829846175456651,0.9186401028470195,-0.5000915783310094
2.216772655462205,-1.7860152881013742,-1.4235794187801174,1.8321403606009463,0.7374244223703689,1.6243842231535979,-1.42044465613334,0.7240422585803399,0.5373021223431954,0.8176143443473447
-0.12135298928030112,0.6431048262613862,0.2560037055999892,-1.1235936611658826,-0.9898538866278395,-1.8678080636137295,2.1850291843826,0.4423204487562607,1.376673356479562,0.9725945844930048
0.2974332326548425,-1.934462880040242,-1.4442914406227307,-0.6000652121853061,-0.6133690169037163,-0.37622064034404296,1.0096757348181475,1.3502721911868258,-1.556656536446743,1.516830654046204
-1.5801788794611178,-1.1386956370064132,-0.09365035619779044,0.15220026449127297,-1.2693127129705253,0.4300795965302392,-0.8297820681988048,0.9433715865433917,1.6081339539953505,0.26586807752021585
2.5636427881271238,0.20688969727446735,-1.1896338655551562,-0.07786888971904289,0.6491352479173962,-0.6509571741923932,1.052016218370345,-0.5555081673389012,0.07216864463611913,1.4947513275184272
3.230471277237236,0.39641452552538003,0.6117725121959575,0.3999450029726525,0.7294212910342033,2.0079339073542966,1.321964614148643,-0.4940348597935573,-1.8031778699095262,-0.9232270809043084
-0.3046626921929941,1.0747152586651219,-0.14429060872670912,-0.9364171028244801,1.2549233118555754,-0.4403475883434567,0.2362204834860675,0.27910363159822,0.09012341728524813,-1.4102333925485788
-1.8946928155235898,-0.7934485311784355,-0.5752353916091753,1.383935808228732,-0.37267709529444476,0.333871322931625,-0.646094726769103,-0.4921024001302584,-0.3869335978279808,0.06516127818750188
-2.542475729068772,0.46564895671379786,0.013840600469911512,-0.27886644619976503,0.3433675677403601,-0.3193622645949992,-0.7388630471251783,-0.5956542832864263,-0.9792097004708601,0.47581593016195944
-2.6207223166311717,1.2537564389534084,-0.01572109170050231,-0.11646435066191425,-0.241229772806032,-0.39658396757677067,0.03588444378087079,-0.30192909468012563,-0.8150462467132481,0.4697133371632932
-2.755072750156423,-0.6813644736998653,-0.8949222414350252,0.30858148119692674,0.1320447076017417,0.36089099141484704,-0.9235669573137741,-0.8518724481210757,-0.39496261882488937,0.38974208868103133
-1.9336307712087268,-0.5191865710889187,-1.5151796007275062,-0.2890014607515165,-0.35424784435804557,0.8240632244473421,-0.642506651113619,-0.2045221948953513,0.6614159997140601,-0.5912942282953122
0.2018883812620727,-0.3870816086961061,1.1006940645115202,1.291806263749028,-1.522077008799901,-1.974448078819162,-0.31840748327787827,-0.6331632083672548,-0.3803369128860899,1.6253109725706352
-0.76573581149575,-0.6055700407758877,-0.10260230359097411,-0.1729039789931591,-2.9633022862409124,1.8439154379906975,1.7851992055850496,0.46792181847768133,-1.027367528044164,-0.6974814044966147
1.213487010110506,0.470468147240329,-1.4774627068696642,0.428305027032788,-2.1186895728410287,-0.376493098828892,0.7597932338314375,1.145483325437356,-1.7662987105500747,-1.113104141556499
-0.5562722554282314,1.3874751107470267,-0.45300604565027225,-1.8401289194171198,-0.8973398452468996,-0.8856958842124416,-0.3098860307478914,-0.4660118869606749,-0.2520709444862707,-1.107032236423449
1.09222134692571,0.9329537213429819,-1.5269146916926957,-0.43988269671816926,1.0313572542286378,0.07249961977423133,1.4709555893560002,-0.13976945831716805,-0.6602244953357507,0.8333937063956097
-0.11695606678007313,1.169365703914926,0.3901879943872717,-1.5546746490282504,-0.7931011639206965,-0.9375387042884512,-0.8271220987108346,-0.5555092139638923,1.372174979136974,-0.4302698913192044
-1.0796370882722963,-0.9371076448205657,1.9539405243162475,-0.5834463055397395,-0.5653336472106472,0.59561490685471,2.023641518210481,0.694502380655411,-1.2687821180682421,-0.15648511359423636
1.218050092464445,2.238252761672857,-0.9636758125229186,0.11847261277187685,-0.6900225011372556,0.5100388791494799,0.07042851843523001,0.3581155283624396,-0.830935098627967,0.014232422622951445
1.9451803301306885,0.867932892717749,0.10662274724970734,0.3911368758796436,-1.3469440610782497,-0.4860919271686921,-0.7664017101158926,0.5834741212360796,0.17594003107922382,-1.1654710594838071
2.139486896750276,0.9491576506708163,-0.9239492667329485,-0.9559429031104647,-0.9533997043253396,0.3023919889359433,-0.6437277626602159,0.8126019528677177,-1.3641732120817351,-0.1970616061419477
-1.6060635182386793,-1.2679674002595818,-1.286426951414133,-0.0067776076065921695,0.9108817018818601,-0.1438741873324413,0.5356055017255148,-0.22248362248204248,-0.08051743555423375,-0.26128887355277564
-1.2861497700493765,0.9185703672623626,-0.7322209370589405,0.27286386353675934,0.8006009739020282,0.046504182522860496,-0.6170286392995806,-1.7040209285604615,0.09107110670089597,-0.4648529745832718
-2.2481265491033726,0.48758958983540684,-0.9025520357629832,1.2010349004634366,-0.42894816640964173,0.6366154816484458,0.11687351303800504,-0.7350084221123262,0.6663146300442331,-0.2682911069587637
-0.5505721604692069,-0.7267025303771052,-1.831156468429412,-1.248866043256446,-2.380335133320444,-0.739511247017442,0.6372609041101107,-0.3332233190753985,0.552683058693469,-0.082733146948219
0.49819353922474113,-1.5140343026787164,-0.9179187412832671,1.5215726747650784,-1.8829389301977084,-0.2501506125152751,0.7232112217991202,1.6398258209087357,-0.45800158864512314,-0.7044453147124188
-0.7761565356495256,-1.6827724380783071,0.9158936020328227,-0.06460936959150575,0.040396569804888816,-0.8963140446835481,0.0777130439309897,2.330214380662365,-0.8213942496372246,0.027185176188255143
-0.9140171176160283,0.5936810619463098,0.5427406980036049,-0.48479212595033694,-0.5565451975617025,-0.768475942387352,-1.178476172006038,0.3728546436175679,-1.4829226995107794,-0.5475728315036339
-1.3043210702224426,0.05337759757934128,-1.237443044069303,0.7561005470337753,-0.8506942806562855,0.11001851519940434,0.2154550824895196,-1.0856688702752402,0.3926429341413769,0.024705956224940238
-0.7217843824157116,-3.1952541649811925,0.930319655082562,-1.193152229698642,-0.2867162395613492,0.5210560818446555,1.1407133673193346,-1.1820987164908945,-0.3560929559171379,0.5253685852082274
-2.1675855116816476,-1.639031724914559,0.42320002746261814,1.2478379768632644,-0.9612335966846668,-0.17120254589279973,-1.2251434595534743,0.5822272852108832,-0.12114929539294352,0.8888849593728729
-2.422375197191566,1.0966329693638655,-0.04230845410877981,-0.38802964313850297,-0.12235437988983115,-0.045285014988257696,-0.23610857287161327,-0.0786650730445806,0.0802107555404089,0.054937145721606545
2.379780959164616,0.7279755566112238,-0.3188305165815356,1.0227977173957505,-0.07509718822395456,-0.21168833689051178,1.3416179433993214,1.139635979559151,0.9453433393243117,1.230142560240115
1.3076657069400082,1.4255403905058968,-0.9388376250671044,0.20815057096362663,0.9190256894729748,1.114860935723902,-1.4121729556287945,-0.4308655706174871,-0.7259115867058137,0.20417815672544862
0.2447741581623904,1.0039390457297654,0.7673582029588935,-0.09730620502906843,-0.6444255105246808,2.663510421602936,0.890757110706718,-0.5348639742452488,-0.23370514136272472,0.5271902063428803
1.1149438979473345,0.36379058090247596,1.7822142835184334,0.15683328745501843,-1.6835573701103224,0.579873203251546,0.5260490018915145,-1.2644342805491422,-0.5603060514770418,-0.6320044800060042
-1.4462791922942297,1.3114190634132938,0.81302330600629,-0.7287586895638418,0.6059652816961519,0.636553068998252,-1.801765405381278,0.402259834477649,1.3850376058497025,-1.1250695771659873
-2.14863235241764,1.4031541159871506,0.1676349490535772,-0.05119594509729679,-0.5952671953321795,0.15814878708101976,0.03940173333976514,0.7083552629714015,0.40876080717293495,0.04693840281499326
1.8050572280096129,0.6546480176445185,0.10236587832655704,-1.041226487711678,0.5246772272065997,-0.13700456446169615,0.021938422526332674,1.4644022331623268,0.5932871068305045,0.38742451693897045
1.1079227059919554,-0.5835732046717447,0.6188325761681799,-0.04694046630898745,0.37309614911669076,-0.5644849804035081,-0.4611010531137364,1.8356287746553979,0.6829695563895778,-1.1179337110675285
2.3872262716216315,1.0023104750202654,-0.5939401690538677,-0.6989702115274238,0.17950295003171238,0.2389023661801225,-1.431689742075083,-0.7733324916088676,-0.023457262386484736,0.680162556745135
0.15510357546273945,0.15632101009596802,-1.6689441300979608,1.3312014071571068,-2.6458433158044756,-0.05082809486451266,1.119612428215936,0.6635264762297292,0.11852074246904676,-0.9353679772273051
-1.3963871302527358,-0.29837870120128124,1.3271822932314394,-0.1792987625480241,-1.5689912470510101,-1.7118746817874688,-0.3334386982715837,0.18686844391369078,0.028525671169430587,1.6927827510285718
0.1264745163983731,-1.0042061092650405,2.374247319130461,1.3465425582760449,0.6293826938194994,-1.0193083393071818,-0.877634372596776,1.8604046419369276,-0.6863673513146268,-0.39750285866066004
-0.1302616992525755,-2.434688852852873,-0.6601873349474651,0.4749246856848214,-0.0058963781536673235,-0.43007645975318226,0.4098844810987286,0.5665901844079745,0.17446452687089073,-0.38463164325061316
-1.7962112319403518,0.18920721935028498,-0.8025970540269894,1.408403582848285,-0.4121699950975044,0.9432037239044189,-0.20815977973171398,-0.19927674576051727,0.7010619456588141,-0.28953014647206976
-1.2594461325717512,-1.1379106404983252,1.2355430869726483,-0.3415389945603946,0.4639382884352335,-1.0137931083839988,0.13812143809703742,1.3678656553767885,0.37071886860549486,0.6195114183556728
-0.4480615448927849,-0.09860039068560884,-1.4900372078315094,1.1055341009740811,-1.6106029253296115,0.610158987042453,0.34861065690006976,0.5027206541994329,0.3966087731150486,-0.9333312144597476
2.1854978785225727,1.1169302982064413,-1.1136096736958412,-0.41458940652434867,0.3857923450731586,-0.19534273133644914,-1.2810147666604257,-1.6369145814405264,-0.9740646868810381,0.4102175828440277
-2.3558144759347885,0.493794399961113,0.14257001392516563,-0.4446215224757549,0.14024912568091602,-0.0014006725411488835,-0.7759235319091988,-0.059411357816685294,0.13456912883432337,0.059716120241674525
1.8533260374641871,0.661012696536252,-1.2616770615978719,0.49956840791013696,-0.36871831748050776,0.6685940515656416,0.07734346102909476,0.14710556184190998,0.6828389938222855,0.13300602772394685
-3.1317860130353536,1.5966405173684994,0.6315282770438612,0.20594097515447118,0.00817482648565955,-0.08313920462067403,-0.12490886808055303,-0.11361919003963564,0.2782571307974124,0.6506388329366855
-0.18255978346155138,0.4659118517936164,0.6990483458975655,-1.3124461223841506,-0.9682907489434974,-0.30595377932179124,-1.291602687395053,1.0708925826404994,0.9324699178450264,-1.0493850062871355
3.2513986954584997,0.14333974016420714,-0.3964735539169622,0.6301799498072806,-0.08654986213504742,-2.2220122392788326,-0.0428782919317586,-2.875517788953122,0.4926559785873788,-0.13008864495807504
2.911271427760437,-1.6655125238673412,1.196145018329006,0.22609317331395765,-0.061974295422791204,2.09370255149412,0.5219825711215146,-0.3006510445510997,1.8397384429586834,0.6144412061400428
-0.386333838924559,1.0041733575125642,0.7930577742260465,0.6513922682573229,-0.7974028829093667,-0.7315676253039677,-0.7234144571640785,0.29449536385305003,-1.2777458514817832,-0.7728477903341173
-1.135197463067829,0.24992346491428213,1.2083038685455985,-0.46048925052530043,0.7953238508968637,-1.016275877713733,-0.03659169762239971,1.065946787191593,-0.5542367665196336,-0.6331334873486566
-1.16308827148874,0.5322032689208394,0.35682075801716834,1.6589280625391682,-0.42644219647485704,-0.5429480552368287,0.013452087199441395,-0.5813561789017928,-1.2037483554752573,-0.15114471823054068
0.7742746192586275,-0.3043824239033732,1.1698914296141532,0.5765199757220191,0.35330346676098845,-0.7593903316766806,-0.18740787982487167,1.6164036423649282,-0.1406092822854932,-1.3540246093889898
-1.8308909293206197,-1.7083411913638775,-0.8603628160569391,0.48903838335996996,-0.06218086924552889,-0.07905359874144902,-1.4616542648803215,-0.8661553325936319,-0.7088854577739969,0.43556671131412655
1.5573386300248826,3.0595358619387123,-0.3730335300766065,1.8674570956124907,-0.010674930085808006,0.8242782227098833,0.02865279974471252,-0.5162924352098772,0.3605328209332368,0.20069172015467499
2.7793915220347203,0.6595277131341187,0.41305175139831074,-0.6703873929502255,0.15529670912341656,-0.8715507916156029,0.06425002256460885,0.7468956340951206,1.587002137644318,1.1131461662040842
0.0741537049290333,0.2049485031304831,-1.985987621271387,0.48454726325504605,-1.361816976266425,1.4309812576764203,0.3846237849781639,0.9892291276511725,-0.21263167899482102,0.30157419576718225
-3.1582400357662412,1.6423763427511622,0.8265088144512408,0.24246476721257415,-0.41086149947887435,-0.2390372137589514,0.10580879224810975,0.2090575188251449,0.46295574408805984,0.628999713491445
2.6673432896137506,-0.6256205328239113,2.048343170655658,-0.4727360923020364,-1.3549114311279566,0.7580393395298448,1.7244733990987298,1.015474430053753,0.6656632179136035,-1.1513637226233497
1.1159380517415252,0.36540057514962476,-1.477569244039492,0.2800176717075216,-0.6426246597623363,1.6170854026513681,-0.97767505176101,0.8870280583367083,-0.36057620299814575,-0.502641652847026
-0.6817849901783086,1.4682331502055574,0.6355532341240775,1.1241371836189067,-0.1840079417877367,-1.0366725134446246,-0.6744817465694015,-0.9172072261150568,-2.042312332921086,-0.12939984061991652
2.6229877038920053,-0.05497344995929237,2.149830864558065,-0.10583172056565626,-2.1982595266632923,0.30182429147149625,0.08038547732413606,-1.0553445501085787,0.9028263528575615,-0.7700987028098037
1.8757042891077589,2.3817747904916784,-0.1631627750101503,0.0008163163652071768,-1.50664431864916,0.4132283918958932,0.1347603022851861,1.2896697130324242,0.27800847514075644,0.14908348004416047
-1.3133254839343556,-1.5146948433615013,-0.14011540704498324,0.8903550846576233,0.20146143725393653,-0.7031214523710039,0.8631806419557415,-0.07706784404563637,0.34061567902003864,0.24900256739888643
-2.6011096266985274,1.412841818706021,0.587092397034798,0.055172533426190995,-0.12927119655077748,0.3542345624324674,-0.32703919239344825,0.5365432723052114,1.0908350031671101,0.1878755333340019
