PC1,PC2,PC4,PC9,PC5,PC6,PC7,PC3,PC8,PC10
1.1627222610130823,-0.9296218307353448,2.248646887498895,-1.484566804082255,0.1171053482205379,0.1642207453539705,0.9665711454053072,3.2123410231379825,-0.5961279153385279,-0.4531611860150368
3.217830474788125,-1.4510208354216247,-0.8498142126688829,0.4193534976542304,-0.138779618783741,-0.6313401064508732,0.4036765439740268,-0.4815323775783444,1.0585913488578425,1.4757821479652264
3.1436037602632774,0.6365687653737865,-0.6074849740466043,0.0578525250094514,0.045832266098879,-1.0039309060654518,0.6815046887023064,-0.3643007721115442,0.1856503838921698,0.4707043793707274
-0.4649080858365393,1.4097060519718916,2.7972580189169105,0.87793274911774,0.8746593636506339,-0.1607420390383592,-0.6445823043283818,0.3953226292899338,-2.159004441255008,0.2438480311860538
-2.268662600026087,-0.3886829669211289,1.1701350434545317,1.067675452512724,0.8391755628551174,-0.1418719689861602,0.7290380327396824,-0.0689560041972953,0.0330082733864746,0.5534526547183293
-2.200816636171766,0.3265473398795595,0.0519070640328401,-0.5280836639399851,-0.4490707705822748,-0.7428581211667883,-0.5146248711738994,0.4645072110121259,-0.0745098184379561,0.5422453138165325
1.9674235464534016,-1.7507495949207643,1.940386925731707,1.739673830571981,0.1122777634677282,-0.9755276077653472,0.6702437952740787,-0.8555829197111507,-1.393552834857979,-0.0785661589233815
-0.7079701945083142,-0.9178774114050324,-0.8856150994123769,-0.6503512840438558,0.3751553995688705,1.317847227707147,-1.182579642542099,-2.474659133890122,-0.6373823470068211,0.740087315578821
1.3971035382218118,0.0179196424479275,-0.3135899097860401,0.1361595723217062,0.4907868292401506,-1.161179237024181,0.177591139838802,0.1870475775594379,0.1428258183723171,-1.3655466177792046
2.715818465933682,0.9720334785409228,1.2929464691841714,0.2200855553414154,1.015729705784552,2.0238943583947733,1.0925001154779357,1.7525594208007065,-0.7371063848900882,-0.4019416312495562
0.0223854076646177,1.122151137816905,0.3120879431467725,0.2935099049436859,-0.7966583204536696,0.1153090426805567,-0.6181890427833249,0.2709796906386434,0.826533937269449,-1.415221058609857
-0.6744647812002388,-1.897320288492508,1.6889903108675337,-0.3890350737495321,0.7753650570112545,-0.3474165479241287,0.1933490767129539,-0.4481863464757966,-0.0597295805960549,0.0109413423331649
1.4530742554676612,-0.0974783964416022,-0.8437523463507329,-1.0002142836750063,0.5504010312755415,1.4395735367749132,1.255254908050016,1.4701819115699877,-0.4108585229583495,0.3767709321822766
-2.009169404911035,1.184945246237981,-0.546784298147976,-0.7437380701114021,0.3848988969543089,-0.4773160555905806,-1.3585839251522431,0.7718228394949546,-0.4921021142347744,-0.3473035799623318
-0.4929211742811807,-0.1045323213911493,-0.4903735152228029,0.585348386138472,-0.7423543472594101,1.911464739386952,-1.08321575618398,3.045165641550356,0.6275282767649599,-0.9761710465212362
-1.3662826805346688,0.4148581871915083,0.5541894400667758,1.1333341587266548,-0.8441124132674661,-0.1629278353195275,-0.7049648687664598,0.9252967395438328,1.1005206120039437,0.2686631462858875
-0.4573903752577752,1.827076316541738,1.6950425721330058,-1.0414310844928287,0.0122106482491413,-0.737215292111684,-0.4696074232499113,0.7348025923916436,-1.338040687221019,-0.7708687629587433
-1.0315738971544928,0.3261702009524843,-0.2571363834997593,0.6224316050496419,-0.3666560498622329,0.0989253010436608,-0.7755116159252824,-0.1779088441465469,0.4584940785443577,-0.325455449123842
-1.7745952436860364,-0.6174929954125029,0.1569181988219099,-0.1568346637388375,-0.6298990003130087,0.5308033010904808,-0.5341086472785749,-1.348661306269504,-0.0345913700767857,-0.1775960348180227
-2.225026806934401,0.1855089370050776,0.0543789593607071,-0.5032610516724065,0.0175850450020514,-0.4291465636716388,-0.897637838056301,0.4561159780905898,-0.1465856318168115,0.5602967454493318
0.1282215392469402,0.3882655939020302,1.3190066031474066,-1.892803516617264,0.3254497869883873,-0.8991830552436136,1.3758407693009045,0.2561038342114022,0.7356743914987778,1.912391091286317
-1.436909954400665,-2.974623137689206,0.6119654511290987,-0.7261930337208969,0.1660568847768638,1.0902120773754214,0.6559968529424232,1.7688828616092165,-0.2661262141409297,0.4805086880905568
-0.5255183660026261,-0.4949385153459377,1.1089037914399014,-1.07479138535454,1.0074316357434674,-1.3057960959837036,0.6026161133773236,0.2735067356813637,-0.3650559827666734,0.1750416670327423
0.8336592351230969,0.0494899400179254,-0.543148186781045,1.4344313634194017,0.4744295096151833,-1.9984546635974385,-0.1761285944711793,1.1930993666418177,-0.4441715345099274,0.1907409284503479
2.855558831780689,0.9249962306139344,-0.4130628169817565,0.6615337994543926,0.2375235616042164,-0.6691467653549482,0.6012010975253053,-0.0368780183162637,0.4066124786630757,0.5517556137282089
-1.1728511127275796,0.1448536070274676,1.663553021451614,0.4087117240231537,-0.8288960645965219,0.2226550013077786,0.0618568825988917,-1.0438002523650889,-0.7768792773181731,-0.152360989117767
-2.0681538862886293,-1.4943711791926764,-0.4397297746898133,-0.6924779821812813,-0.1619000178468263,0.1518391444745169,-1.0729965260229477,-1.507046099806938,-0.8289707945498385,-0.2486296302169147
0.7035178836637925,-1.3330110210359214,3.8251557589304506,-1.1238169068639474,-1.8772425428872488,-0.4414145957168459,-0.3006595911382284,-0.0078826682871712,0.3638651849790946,0.3760615344817468
-1.357132278091382,0.5466183996491071,0.0237809191673687,1.3174479843051297,0.3473624314223659,0.4440048888490546,-1.1920441565368225,0.1133667054837437,0.0761721036374438,-0.1060649342398774
1.475146346817437,2.96412085571444,0.492227862770968,-0.0122677140357401,0.9701334555619396,0.4311499928345915,1.396188013755881,-0.6369659540580402,0.5178304131842929,-0.1152107292581211
-0.6704827704223997,-2.0828821014313585,0.5639785710831272,0.0900849551776018,-2.175013898119582,-1.441002330300576,-0.6656914320630662,0.2243508607470624,-0.004920339406521,1.5954399515162578
1.3059246395138386,0.7559910880937362,-2.402499167009835,0.1017159198747992,-1.1576766427895142,1.290037223565344,0.1235808575195165,1.1466755113063776,-1.2422739181253086,0.6405468469804241
-1.219494506985092,-1.1618146599817107,-0.8234416268899242,-1.1541297810019395,-0.157579896843277,-0.3087009076357125,-1.451778951282602,-0.2339770905124448,0.3720238790740228,-0.2272949641459045
0.1037226708847196,0.900148371082697,-0.0012340317933265,-0.0112982610168971,-0.3504143135876699,-0.0639715285731427,-1.1263565021142403,0.2478122879022492,0.2280683687248102,-1.6171287111047872
-1.638418749850343,1.2705281697702846,-0.4733279373878802,0.1511532333382492,0.5574206212497114,0.960135070360394,-0.7543464846861598,-0.1586202428263623,0.2786764026714928,1.546641970310764
-2.1532413550957763,0.8942721221539336,-0.5260707500901285,1.1447121896621333,0.2261673771426467,0.5535232257839804,-0.7503572515649672,0.0221191033797309,0.2519835893532762,-0.3200794377818071
1.751217273529364,2.5393470353273964,0.6865586347937024,0.2071742672391753,1.065120851260201,0.4142290328912851,0.98490774081422,-0.400254883052662,0.5913502274571564,-0.0342910670016876
2.2891299585528038,0.0160022909417531,-0.5501157199291884,-0.428372528123486,0.8951133135081344,0.3197688379449226,-0.0039102265998695,-0.4229579384389783,1.3260113990208051,0.0548314064102089
1.93219935943746,0.5139794951558927,-0.8604374942615333,-1.1208410511773257,0.5104813519254641,0.3836439243270643,-1.7228770557737003,-0.9260706912623756,-0.68053268679988,0.1218668455193594
0.8330110451037516,-0.3302506176656691,0.2478041148133838,-1.1282336411639795,-0.913863257323026,2.4294547099661963,0.1759766601685304,1.2751583954601513,0.2587501032916951,0.8339774750980857
2.442225731100202,-1.5181177348294537,-0.3836569699454804,1.443676035667942,-1.0971056141373952,-1.0933041709096658,0.4824140141435343,-0.4539668828572484,0.5316957367466034,-0.8867640765336203
-1.2526568776646354,1.841077979249964,0.5030548997817651,-0.1402521419469459,0.6432858708502643,0.3551529491270651,-1.667207273913616,1.586506092499324,0.3569414975938682,1.8444978176509057
-0.677039879147228,-3.081258926514568,-0.3668903395120287,0.3057319306341858,-1.5242057003020666,-0.7720491710096974,-1.5732053346983363,-0.018887706671604,0.2982597113038092,0.9227873724219816
-0.707012179883969,-0.5627515685491993,-0.0911662986037176,0.0871201768059719,-1.29074274796055,1.422040621943805,0.0748855097693095,2.026863278832922,0.0483079539494202,-0.0729009746952913
-1.245350247360136,-2.145567077137972,-0.7365624739024365,0.0814681142512409,1.0088193647490469,0.1048135672720214,0.0086704583862862,-1.570130626574457,0.0895688388761811,-0.8872324845024631
0.7987899624148121,0.7076168655345875,0.3620501697082638,0.1404315623839525,0.6435442146720252,-1.715601006456597,0.5020882941234731,0.5855123902050404,-0.795826047245549,-0.6218946568622482
-1.3945139885436408,1.543227021539874,-0.0760677330678264,-0.5365777112020672,-1.43424278951914,-0.3915144839483467,0.7637306489551199,-0.46991498908666,0.7107749018385022,-0.0776231702280916
1.5595093284668518,0.5527827457053538,0.9543602961721568,0.5283110689703197,1.09887900620682,-0.3442824264285617,-0.2233623416516095,0.4029287313441726,0.5646313499882113,-1.4319727578606614
-0.1321922209974011,-4.084839256385792,-1.2708589415082614,-0.9876492633063771,0.6168464496498679,0.9451924229365344,0.1627520778404906,0.1409857166744699,-1.5669239002261293,-0.276972799623764
0.2893134712513438,-0.0168833317669907,1.530573572188485,-0.3547960584163189,0.1118263457516556,1.053184977338598,2.3438615563881435,1.8091469440722112,-0.7195721398891477,-0.7978071548647501
-2.899400243174793,0.507160137633746,0.0952550199309011,0.5301691994222187,-1.0067435020613962,-0.2682094386786406,0.4444788441059207,-0.7056766424307266,-0.9281888905053872,0.8027542010165761
-0.199477530548855,1.3334638822311924,-0.9405251924336966,-0.2110487073048233,-1.4511628712932032,-0.402129570469811,-0.3498723235711537,-0.0385801311375047,1.1712499224896988,-1.5040157089830477
-1.1834192226249634,0.2008745892792453,-1.5210031554224008,0.1984536973701212,1.2058775684263223,-0.6872116343960073,0.9529214180340912,-0.841082642312568,-0.4667072726536339,-0.2910297396296704
-2.659569011348258,0.2098492751732674,-0.0067640425461048,0.3454147681478021,1.376719957026289,-0.6134028754591276,0.5132394086182983,0.9699880705874648,0.4550805861891695,0.4455747452354816
1.1842174356488564,1.0283544833229032,-1.4377926443073932,-0.1121862618986281,-0.3745444999702022,0.2076994693987769,-1.267397651848623,-0.4119894553289377,0.415647346684529,0.4553631177228148
2.708730064791713,1.0271582018413503,-0.2549221576416987,-0.5667829876694983,0.8841314887709083,-0.1943876783515115,0.4344215628406223,-0.7502024909222966,0.2446266736475205,0.0899534790434117
-0.1047618296150994,0.8986594336731086,0.1142270346278659,0.3666403989785205,-0.2660112390406526,-0.4931522542746303,-1.2163633487660612,0.8957738002219293,-0.3034015670962328,-0.656281854667758
-1.2059503935720302,2.104763145893373,-0.9842787670910308,0.7222310942981164,0.9819706199713758,-0.3092264137938527,0.9850562027496336,0.1083665570565415,0.496452416696622,-1.412410834477788
0.2686688574227349,-0.259149434035333,0.9804317341085882,-0.4401246738752097,0.8099131680877413,-1.0231258228251874,1.092223541550723,-0.0352529316599956,-0.5748250343153721,-0.3615673720235259
-0.1989915476677666,0.3695648317477131,0.1348443092624059,-1.003400334617836,0.3392878725499103,-0.780308573133876,1.0968079798196086,0.4131998230612769,1.085252918865177,2.5774335399217208
0.9624754942508418,0.3284175455250057,0.3167766618342459,-0.4079434538936559,0.3273290538335611,1.4579949691969565,-1.4504143669700087,-1.7299176943943608,-0.5627931038579633,-0.2531072753103826
0.3197878744171532,0.2378715012261726,2.622406999259707,0.9862145358651396,0.9492690941232876,1.2276542870894955,1.1156374191545029,-0.6361297448146024,0.4511019891615316,0.8790344625866453
3.0685066247645745,0.7990987847909492,-0.9383370253590682,0.9591731392745833,0.0905927733641992,-1.026376063251316,0.6975874460142808,-0.0523652208724983,-0.0505609664663071,0.900857097436379
-1.854522669841515,-1.8675239025384076,-0.5764407370234478,-0.3848895931368919,-0.707458064336243,2.10737006834734,-0.1961926726123028,0.4037713819959805,-1.2508899877396584,-0.4074441494354662
1.1783402605322308,1.8187796506136027,0.0666611925824901,0.0245416656719752,-1.4490664506548478,-0.6344064216135797,0.063071602967138,-0.2248544361366735,0.0767765955598861,-1.2156024243924857
3.09733749429302,-0.0412178269881899,-0.4369093086692655,0.5906229225995514,1.0349010765976183,-0.5658497682349358,-0.451069929229449,0.0478040283806435,-0.033131048797879,0.6372543864591709
0.3459228050043237,0.047318081408191,1.76481297682807,0.6602861388030554,0.2853927592135483,-0.921427407218786,0.8675765336751459,0.6730688070341161,0.7396007836486133,-0.0468895123396135
-0.1793439093736452,0.0508807817559363,-0.0632255373539162,0.6094149937208145,1.1851351756060502,-0.6427187169761226,-0.6802038472533054,1.2099997477104694,0.9843545070485564,-0.7769680645465988
3.5357752048465,-0.4017190060287103,1.6523119650125726,-0.1440101421380193,2.1450782043873557,0.5304230065104111,-1.396347450011738,0.20279611951473,0.3531007394301426,-0.2529795445749287
0.1164870084184973,0.6789840287383965,2.129780179519472,0.7300936256971109,-0.1357405980340304,-0.1546927275013457,-0.8465539360304386,0.4598425857279609,-0.335179543674501,0.3224690822232824
-0.9578093808570995,-1.878039684271447,0.4376332184338166,0.1397886500346563,-1.1188701789856117,0.3670557383286523,-1.238703676889384,-0.7063106462348917,0.9476340853940955,-0.1907956597692401
1.048433041140553,-0.3276704032940483,-1.6972026366450137,-0.1831092840589298,-1.5882239524022528,0.4897312440124359,0.11143280572878,1.608568618255838,-1.5023078384203892,-1.2639481302380502
2.9870433226555906,1.1058704107471702,-0.8718528917644193,-0.8845393667000776,-1.1853958660685042,-0.3789139743765609,-0.4360925711522292,-1.0206825559270738,-0.1532259537319278,0.4227260900405996
0.374967466552938,-0.0983545643035217,-2.092329798129815,0.3662829196346563,-0.0123879957571794,-1.774798868888234,0.7395729994115905,-0.1617691436492663,-0.0960206355601069,-0.6558488863858315
-1.7752510654159992,0.9843955553796256,-1.2152728801448291,1.2753208277733277,0.7987174688549847,-0.6779394472514697,1.4734259973996875,-0.2260796546632562,-0.0835636155057085,-0.1602990347368479
-0.4992816343939273,-3.304216953516985,0.0627055608194502,-0.2668028184104059,0.9511372550428008,-0.0128770388074445,-0.8951421281089929,-0.8217577524593509,0.7757417981591621,-0.3747703648408144
2.554419238319776,0.7620501418742123,-0.1228179420291801,-0.0478512033925639,1.0200415918214063,-0.4127540898718686,0.1276901391190729,-0.346269229536538,-0.0194468369743032,0.2437034148835026
-0.5014721851644756,-1.8992618225952251,0.0684658236000705,0.5608320715923868,0.6586753973213331,-0.4128984451168711,0.1232724345972492,-0.9754962803840662,-0.1837732384379564,0.2276593506578076
-1.7063051666053342,-0.0382473244409044,0.8754711920803634,-0.2465809472988449,1.380186008012879,-0.7021674679838023,0.585351195492406,0.7956437799999848,0.0334231388808168,0.1288053103519222
1.669542005142597,0.2105602726708492,-1.0797182463875177,-0.6557961890198157,1.0667865362906317,0.5990370269831541,-0.4602846713902908,-0.3750329985815022,2.069192269424171,-0.2459970093175184
0.6985595400774325,1.9338670276896397,0.8631047741863832,0.2435411915999712,1.3037204980072077,0.1892173406081302,1.6046876540599142,-1.0597123938309083,-0.3937550629001684,0.943769745760588
-0.4595910173409811,-1.0106440904078835,0.745191871594122,0.3339140446793679,0.5691419100430912,0.3207887859906293,0.9282773982757446,-1.5150419543766789,0.1668630390650525,-1.058662592033874
-2.144566764239268,-0.4739386152982553,-0.5882380020663157,0.2506753830851482,2.3860254554604654,-0.1147492149830524,-0.37617709537705,0.230254752567564,-0.1859003037685305,-0.0179708514833909
2.3925051187407487,-1.5349192609518445,0.1248299182834315,-0.6265041898250734,0.9012845319787564,2.0270354927352083,-0.5385093536195963,2.555981351937608,1.0738656854589048,-0.0806210813674601
-2.274240976541792,-0.2619960103504328,-0.4561334200392766,-1.3222568783766069,0.3003542223047552,-0.6021109300441329,-1.0770164784146674,-0.009904472711736,-0.6772170150623972,0.4205336166352728
-2.103221606508988,0.0279907945315966,-0.3022778199477147,0.7540803106837004,1.4950724494460077,-0.1953721233548948,0.278693341460006,0.5878705696777201,0.6797060996031624,-0.0356879429932233
-1.5789228759380431,-0.2063553309221272,-0.4022664700014036,0.0718391920165386,1.2157442354959618,-0.2967560771993912,0.3821707648986724,0.2044678700082968,0.8510789647875472,-0.1689119240563133
-1.0956916367334442,-0.8085096080440439,0.2213444314607862,-0.1220608999799136,-0.3093292756886546,0.0418609724031785,1.3562458102658774,-1.229091801949328,1.3435216920242024,-0.4799900621561828
-1.439456024958318,-1.1141091806335752,-0.1720098575979023,1.1039049552430868,0.5208090242473659,0.4453507239225873,0.6184458880424216,-1.0771913162202669,0.8970831214062543,-0.7715641749832913
-1.4783098969011497,-1.1408115401897645,0.2257913933119896,0.2869942480101567,0.5510172533520031,0.0196837531782462,0.6628994495412859,-0.9984810627537598,0.465155384887309,-0.271392448834642
0.0290155775950005,-0.7675629352302635,-0.226419140999409,-0.937703801736447,0.7628245352816769,-0.7225538350554835,0.7523625919593451,-0.8120477933939263,0.2194087813193303,-1.1017159854734049
4.161945225969053,-0.7391577204742,2.7262342717330283,3.4947824492838286,-0.7605674563584138,-1.5499730735030628,0.2555958684502825,0.5362157049569858,-0.9509846064839708,-0.1088943332482549
1.5374004106010175,0.3337277575463144,-0.4983752133173169,0.5990232749024942,-1.5620293040068125,-1.8766366443249356,-0.7006439530284786,0.7424481151880744,-0.8982447904828019,0.078082597656086
-2.246146590654257,1.2562861223828192,1.5348458944356007,1.0484061835027547,-1.0446244273593388,0.3790774871874837,0.8541342835988056,-0.8034110601054126,-0.6214389538984286,-0.1681442033378788
-1.6207241261127332,-1.8423119969337869,-0.0597200825903415,0.3300428663683569,0.3382946073767816,-0.1367513744616691,0.3835369374208244,-0.6638521545668331,0.8646074072398237,-0.3913366645373796
0.1456179564173649,1.3185086169102576,-1.9002963295815172,0.078168791144818,0.1403403815298078,0.561979985952217,-1.285405805215992,-0.3362712210736627,0.2356387384245877,0.3702244749412199
1.7827362633371626,1.2069915504108573,-0.7561331973625931,-0.4501453576150523,0.8086065623395156,-0.353805116076912,0.7387396395453345,-0.6122270371952248,0.1124338839230052,-0.0168815668211031
1.8273803346056043,-1.4021461630028305,0.4556470324373831,1.892608271975947,0.2521631686007241,-0.8191829061337699,-0.364486629800533,-0.1869305659413545,-0.5112041424227973,-0.8043594530640148
-1.5872917994864122,0.3802145890374247,-0.0092199834645854,0.2481710327537221,-1.0267229497532808,-0.8467405408618202,-0.3105466662608024,0.7827710249715606,0.3497348006312973,0.9246907989302372
-1.973689903916432,0.4796330409737663,-0.8342913121956733,0.9297317810359598,1.2782486108355158,-0.2282100614642908,0.8108941015833495,-0.0884795355156038,0.3732877447097141,-0.5377713451362859
-2.05094047487044,0.4485342819705378,-1.01899802961812,0.5602117082525154,1.6464928933590457,-0.2643503741453154,0.710339427867837,-0.406900207383537,-0.1913818824505925,-0.5387474844673986
-3.214062715640831,1.1204252220879816,0.5016191116366439,0.0163218426399792,1.2093474874051695,-0.8034210726484684,1.164263329455325,1.1801438318529678,0.286833087935934,0.9640647724026612
-0.93909534298155,-1.8364728747476784,-1.007284081030975,0.6288012972436627,0.5481587010601049,-0.2135534725089195,0.4513510829527928,-1.5074388058512265,-0.0828621074697834,-0.4971633386450836
-0.3059622371618025,-2.4162995704531425,-1.279015148319335,-1.1350801372622286,-1.3162267417808255,0.5969892611737203,2.326680961607096,-0.1008105143756994,-0.4031908870287399,-0.5383898453663626
1.1426140898812884,1.539888748695922,-0.2000721587820441,1.054883067841964,-1.4912155592760756,-1.702903110529263,-0.0747390527663173,0.6671599052370146,-1.209826087897783,0.2337210884188763
-1.4340616112588072,0.6232258137817815,-0.9329581464603808,-1.9174950165783848,0.0468360354990701,-0.888737336346723,-1.2604060790992089,0.1518382787123518,-0.6216632919281535,-0.5588530441646746
0.3265288100221801,1.3962853358259917,-1.5527258351911508,0.7472208420812727,-0.6751483367037326,0.5854660418564567,-1.0122411852376942,0.2586671023623169,1.374749243993303,0.3556909454530185
0.4526463254371483,0.340889384467796,-0.1800795994357812,-0.1245044378137569,0.491352901834992,-1.187483877901425,0.4051443110042703,0.6838310420694796,0.3158522460686017,-0.9840510828700372
2.531313309174772,1.3901903269557545,0.1542182384167127,-0.2312053661188916,-0.3272090086301147,-0.2098063632127371,-0.9839611336996282,-0.5913005474485596,-0.776660012465525,0.5075838696507278
-0.1199887223294011,2.3973513253701992,0.3961204792057096,0.1624173673704965,0.0206565915152633,0.1076186662262169,-0.438285313057114,-0.2165753597492361,-0.6694608347019321,-1.3787906071531069
1.5904041254696286,-1.0330492315872228,0.2079318912412786,-0.2249731501811838,1.358753977760187,1.0364760937975093,-0.6915120317747752,-1.2498759383516491,0.5900259644388958,-0.5144062648837684
1.327190667272715,-0.1734374955990607,-0.7394381166396937,-0.3431958659156421,0.402802073385998,1.6778642825019536,1.9901942461777564,0.6322176204566392,-0.6097335276018544,0.661644988124783
-1.797580860972497,0.7736403507231729,0.9363468311311626,-0.577810190974582,0.9469484682839658,-1.2866057456695832,0.6148979637492179,1.718076899826184,0.1957651141086354,-0.0830375211745023
2.040342436979078,-0.6310843587952022,0.3934811422497393,-0.3753647057300491,1.7481638901511414,2.6551848280729904,0.2926458661152229,-0.2206095356970522,-1.9777151667820876,-0.3005029163395875
1.325688619473792,-0.5024813064405241,0.6452062313481017,-0.8530743498764828,-1.8032007558426808,-0.4064927479067876,-0.587964873452205,-1.085707873937877,-0.0169652753673488,-1.0604996068190051
-0.9723978030913926,1.5842578287826818,0.977861062239186,-0.6629492388237945,-0.4084889912940478,-0.098411108684663,-0.4989293033255046,0.808321499468326,0.3952909745194495,-0.4585396412797954
-1.216925784816641,-0.932768957604006,-0.8184362353080746,-0.0781198215103179,0.0606743039385043,1.132598226672254,1.536491874116858,2.00789368111174,0.5327641025022759,-0.4658553051245064
-2.2984567489455627,0.7212354963446561,0.7522747154349319,2.483310043566864,-0.1084979850564067,1.1019622679877397,-0.4580406365243076,-0.7285358469359363,-0.3803110424933765,-0.0855103607200881
2.945618025610617,-1.1425209572389774,-2.9910589099094023,-0.3074281774713878,0.2239322056538285,0.4884449450332419,0.5572120395760123,0.9355226105984842,-1.226073361997992,0.7572927441076529
2.3282214297733117,-0.0695612276138429,0.2440556490758107,0.1224022809568047,0.2123527160535183,-1.3331040058641308,0.1402649616718339,0.1330522661772492,0.223412938312895,-1.2224379722032146
1.0866797221511637,0.2194616021166369,-2.7790689257849808,0.267902562328437,0.7308530796504547,1.5278253203988574,0.9841558840002588,1.2969511756305996,-0.571935323864768,0.3563026177758879
3.044776130153673,-2.8952427923926747,-0.0836842100395908,1.2406534546605337,0.9978384710271944,-1.553529906859058,-1.4501924488978015,-0.7378781916827546,-2.232772109921713,-0.3226581678954807
-0.2550697048862847,1.928623104884974,0.4789265997019695,-1.1696695052344426,-0.3375969505557761,0.3494420049697738,0.538787688787792,-1.040827629293919,-0.3306349943186327,1.1680809873898597
3.879658757955025,2.064968275859502,2.7151105286820987,0.0205986330072035,-0.291456450602744,0.3897090738361948,-0.9067962559953364,-0.2936783984340849,-0.3515566506889831,0.2123833243569983
-0.2527388322224457,-2.104195397507365,0.5028999820089174,-1.1780032099180466,0.1527285374090951,-0.2333290165657118,1.066386350616194,2.76080098841515,-1.030170859789244,0.7072664262277161
-1.838400965592189,-0.7444555405385829,1.6636915111955517,0.431344645793431,0.9872746208239128,-0.0964129755019505,0.7399386860893158,-0.184129662380534,-0.2984155405323075,0.1104893650467212
4.628302235730193,-2.391127238429376,1.6067668402205264,1.8110136425651149,0.634548690475921,2.35452609022124,-0.6209803059902458,1.5756121994265018,-0.6572504311912305,0.3209963666622276
2.142558384687267,2.094249259395736,-0.0442914747443302,-0.4250655226930722,-0.4566142850390319,-0.0486570033602741,-0.3926246325327734,-0.8717780461975264,-0.7192640768189524,0.3978524470746881
-2.7474752678496683,0.993111880891135,-0.0193755048800307,-0.3165041731875823,-0.208671523348835,-0.3357625111561553,-0.2555288042357568,0.4258051136612502,-0.0390249537282887,0.521089985033877
-1.6832505581515798,-0.4837154405523636,-0.2596407651097384,0.6295428481463925,-1.3764210558719312,0.4619812386830488,-0.0602030823172253,-1.3735953023577705,0.5417318519168176,-0.7111493523990395
0.0550917919367983,0.5799906297763184,0.0831628003954043,-0.8846019363124398,1.0365646116951677,-0.8295600990294592,0.3172789220351515,0.2783207299097465,0.146331255807036,-1.3609892069609222
-0.434149487993522,2.193875665251725,-1.7623604404929043,-0.924705226465349,-0.3397035291435485,-0.1354416504733299,-0.2368765860774594,-0.5389603805329294,-0.3573130876912243,0.7780807970382504
-3.4007796951320994,1.003870185900106,0.1979286741385271,1.132857532394436,2.061512822550485,-0.2517858593492529,0.5087725650116891,1.1812763988271606,-0.0943268609966247,0.6666759270081518
-0.9292310006762085,0.070862739470544,-1.123777378035654,0.5863469010059779,1.974449897874495,0.8535078019188984,-0.0233531845614657,-0.3014668595096891,1.0096829523166042,0.8156689326388669
-1.9855870138336584,0.3908283003072374,1.2785409945334592,0.5562560598823982,-0.5288733300566457,0.611263222483081,0.0971528533752174,-0.9547049850443792,-0.6348614827842533,-0.2742059362514053
-0.9329845205945808,-1.381359680068049,1.8452306993271053,0.0344159249643686,0.5635667244873079,-0.3849329496262809,0.563276980445914,-0.2696419023084553,0.000396070067388,0.0818145180210401
3.060979257924659,1.4444950045967444,1.6791436832997175,-0.3207825475014048,-1.1210959296743432,0.5283895888312494,-0.6403723626905274,0.0304549167023153,1.208883250703109,-0.3620199372147713
1.473843552677656,-0.166315612157736,0.258667579312427,-1.8623912234109248,0.0064227140564053,-1.853999942140629,0.516871411261469,0.2787969062785155,0.1949929693051337,-0.6229453550635392
0.7532606951479198,3.206116397379228,0.4197530879944012,0.0999257789619452,0.349279693342892,1.1221202678252309,-0.3650569998070864,-0.575313465635089,-0.1815442982691736,0.0865693989816104
-0.1400924924074301,-0.3217583543040325,0.7694713615346056,-0.1580835246775814,0.6916206940921856,0.8000991129934057,1.6875171239914557,1.6681899532549158,-1.3769359730552102,-0.2972717989988391
-1.2679030463624612,0.3198812508162091,-0.2642085556411016,-0.7700014295584126,-0.3658726068487021,0.5036743614488104,-0.8104081730663371,0.3575739087367131,1.4169659102307537,1.74488328899037
-0.1299972509994241,-1.318716498284415,1.0140401754916426,-1.0336166238666962,1.3426995670925896,-0.8725094285404371,-1.336704325170341,2.132856410687463,1.2696971563225383,-0.4253395992815752
-2.454779451579275,0.0038502801442519,-0.4719597213238199,-0.4239479595285765,-0.9087756795108136,1.2283058373788869,0.4779472870189303,2.2653323952757,-0.6079338421442929,0.2680566241906176
1.6703096574855345,0.6694254183668957,0.1210240334092509,-1.955894916129568,-0.0007807900909912,0.1236200457359597,-1.4168141462316264,-0.5179579082536679,-0.0296242689247987,0.2181293046039872
0.668908342453884,1.312990760928107,-0.2661935045924704,-1.3223751388749034,1.1965299346062097,-0.205583632004085,0.6334289206410479,-0.2706094270234556,0.2798227780884099,0.0184908804858165
-2.120518349708618,1.1052501847998095,-0.5808683906850224,-0.6537591776566982,-0.3953811141697164,-0.2764531489759854,0.0840849980413484,-0.5337255335221986,-0.210867932446714,-0.0657257736120269
2.740162521846278,-1.6092179959366626,-1.4505877033354773,0.7585844174849204,-0.1757497239193761,0.3267365225665703,0.455064805193894,2.1316038775257464,-0.6783772439957682,-0.9058453224368622
-2.721256559822248,1.183603825056816,-0.5462872163955285,-0.025155030187056,0.278358652607892,-0.0910327201040657,-0.3093227161767516,-0.2065886529111217,-0.6949135621438097,0.0991609762672762
-2.183055230330769,-0.5122984207927783,-0.3584701805479728,-0.715793128314115,1.772060117127647,-0.6984224027402809,0.0639837152777244,0.3532379765499229,-0.040388422951445,0.3215304907594394
-1.679416387946284,-1.1582156403729449,-0.9555828163518352,-0.7180568873843353,-0.9325923563802656,-0.5199955217021109,-0.2639054482146066,-1.8103573573207847,-1.2284207601586443,0.0421816191442945
-0.5595449154921694,-0.6846514039915551,0.7776803175968364,-1.3213606802555895,0.114118968403963,0.963916411486635,-1.429543019940306,3.2730381179384658,-1.4284536265214496,-0.2297978747881774
-0.644433180996925,0.1441640786609887,0.6900128293320634,-0.2029001211881656,0.6260177526486456,0.1963091275577883,1.7928138399495757,-2.290833095215802,-0.7130378178460588,-1.024889085830575
0.9090611469983736,-3.444387665002555,-0.3563262912917261,-2.875941239957415,2.6546413215119933,-0.9284921726088156,-2.0032566807217878,-1.9871886338037412,-2.707480210603097,-1.5266797063493915
2.02712484891983,-0.1317674026382323,-0.5514713828266106,0.2522979494789068,1.6201151305313453,0.4253196547300988,-0.8498456504841032,0.1930903262607768,0.9351794618844728,0.0222967508187083
3.036728197765718,0.4142597913248473,0.99109239288135,-1.036035825664433,-0.0266451070321458,-0.3074737161055835,1.756829587550467,-1.3664416777784505,0.4710604150326856,0.5318613259968716
2.673946715151412,-1.6544960025960949,-0.7273996069641355,-0.0723851536911906,-0.5224122872741084,-2.171403071226274,0.8946523876479394,-0.7990989934475872,-0.5216524064854632,0.1516281597059014
0.3187910538257079,0.9607110961779362,-0.9760765893902752,0.0746328618104235,1.0591842612864788,0.8998234470019968,-2.224783032779857,-0.1935970202543371,-0.0710390667363865,0.3101984693081155
0.1370836628057359,-0.4536100794577451,-2.390086839534989,0.5240244642457758,0.953314312157104,-1.3858099111905509,-0.2743949744636811,0.1504737720219243,-0.3765938900116904,-0.8492705060335294
1.3333365590098214,-0.6135902025654514,-0.8618127612270992,0.8521209416965825,0.9794543507171842,-1.357371491963096,-0.455121272520273,0.5318568088072271,-0.5644547541650075,-0.9157870756446236
0.1025876182769707,0.0770998341966008,-1.26729173551917,-0.9019186290784562,-0.984609299874734,-1.3260855394999616,-1.1496825089954652,0.1320425529763153,-0.1784646718655914,-0.6214882754245492
-1.7227670708442495,1.548326406424608,-0.9498154966881937,-1.2977839120426122,-0.995098680179099,0.909329069751636,0.7043043294408124,1.9745117189342056,-1.1665225455434003,-0.6616279970610954
1.2268673819870703,-1.633288315854389,-2.954496598101964,0.0198043141544781,0.0193378637208646,-1.1839314155544225,0.5127879990231299,-0.7842230238196086,0.4646589509895074,1.5174642997343288
-1.148985495477858,0.216592096985162,1.5374304847090547,0.1274655529939757,-1.078801394017556,-0.0009344073958378,0.3396641028390587,-1.2240006935815348,-0.8621062477648981,-0.2084755479020601
-0.0483909972986295,-0.3893665983098056,0.6979724666270776,-0.5116698784789075,-0.1584542804661982,-0.2601161568711091,1.9266453501812024,-2.2439341314476,-0.2065504381456297,-1.1277150650435508
-1.4222194850515837,-0.3153008377675023,-1.8338889497022084,0.3569617401282176,-0.99891369087997,0.7396250055516251,0.5386466514691177,1.6134552282429897,-1.7794981248948822,0.5317772784457446
-0.1909720075173734,1.5624400103589675,-1.3199894100991936,0.0907888289264138,-0.0450596602262662,0.916723974365868,-1.191336728535228,-0.0591920273315703,1.1190306784546544,-0.0002444832702812
-2.004019846093372,0.3650594397982159,-0.2852890161919306,0.2279334842619329,-0.3885794535265531,-0.0007797973394695,-0.6597134498550669,0.3330261120040554,0.6699064456457112,-0.0031930454465462
-0.6786885056811048,-2.0593917109373665,-0.941912835154946,-0.6774620444791462,0.424972004041475,1.9156052509634351,1.2089717184646511,0.5682793941182149,-0.5511922129939065,1.6105613222588335
-0.3068715376741797,1.5576276200232098,-1.46878887892843,0.011051771475073,2.556305627257304,0.9304026028606354,-0.3032525810663955,-0.4770027614350262,0.2515704203248003,-0.0075475248025896
-2.0153755112642524,0.8540983751588604,1.6858872379574628,-0.2051087870441018,-1.4790668097608872,0.1987188293875811,0.9421326717499656,-0.7755429053929398,-0.0183842471936449,0.0454874426074206
3.150134227533562,-0.0938469419469194,0.566115903310895,-0.7955667967755982,-0.8811186052987258,-0.0965876765309098,-1.7824888679802209,0.2944259202213857,1.0058823974837483,0.7099804998219013
1.0839237573042049,0.945935781427977,-1.2137662929043036,-0.4660074992219378,0.8723578638155549,0.7450818914932298,0.1229060556804765,-0.3707391956935529,2.251469434123136,-0.3123370513530991
0.3908656394712271,-1.1382025115358358,0.8162322990197143,0.6109615370882857,-0.4701781689902811,2.152647149413604,-1.2836966297362515,-1.1341590051277828,1.6437127710782231,0.4196203617234695
0.1846025495001878,-2.732040376486673,0.4914525751546966,-0.399125845653185,1.452178698252402,0.0632013394654196,-0.4768166382493474,-1.7148097526764974,-0.6815956949117167,-1.0262386099008804
2.10824855085565,-0.2419422103040715,-0.1012360641440656,1.061867838284799,-0.3131410199440067,-1.422620449419379,0.5058893092385601,0.502268065119031,0.615517696022942,-0.7018249942569188
2.79531683307458,0.7508365506398025,-0.2955618982791578,-0.8406959240027305,-0.6608460996220168,0.6428444366671241,-1.218534228359501,-0.6256216490767144,1.063182798128728,0.0124212785935869
0.3671125912194146,0.6377160238986144,-2.989115122974459,0.406832530247081,-1.7715338429373493,0.2075671784417453,0.7375184288490593,1.2631587303919851,-1.9724642218328168,-0.554083734981922
2.558748095962873,1.3206372762097194,0.1858521880213071,0.1387351516317544,0.0994391640454072,-0.0561215469117112,1.0810640764118398,-0.3986848738297859,1.2549826675120213,0.3057007381199862
-1.10386714393251,0.1170583899894732,-0.3611022258076372,0.256456444166741,0.3375765872287816,-0.5954310370141388,-1.1134854760509754,-0.1498472319786838,-1.2833630892319643,0.6933620344057884
-0.5572992052742046,-1.3045609761273973,-2.2716542806240114,0.948727481056443,-0.2388790336088342,-0.103444913468707,1.741811159864061,1.9927878836108093,-1.238281690355036,0.6997805584128518
-0.061665203826388,0.7556761498434139,-0.2154308693009611,0.0253477291524549,1.730697805291662,-0.3670821851583482,-0.0215536371902091,0.056026803361248,-0.3401557703470236,-1.6725988547424313
2.405918902002577,-1.7289146818770174,-0.7747137816861175,-0.0578749564053592,1.8201313051616,0.0361450858593305,-1.084228203865409,-1.6749447889987663,-1.5905808856873067,0.3766916914351153
-1.7040397325215713,-0.7236444996265151,-0.0927386597467754,0.9211927563603556,1.02136586884745,-1.5488751187367236,0.0652065607094543,1.753113398737458,-0.074232603208314,1.7800641371822428
2.098047641984023,-0.9718425209839684,3.55171617754003,-0.3844921008558025,1.248272391207848,-1.2679149464461148,-1.3390624861655531,2.389025768062891,0.3621851448296199,-0.0634452255068514
-0.9207118898152624,-2.472055597544657,-0.3312464977547446,0.7488096881976956,0.8856344360817339,0.5065252024498762,-0.4136164365815276,-0.9770174353329708,1.069818066118687,-0.849911093493501
-1.7348176824357942,-1.4284798392368476,-0.2267028185205264,1.1858981051357074,-1.899703210236112,-0.7423579858101067,-0.4099676328984211,0.2095984397835537,0.2561187795224522,1.0296319841646009
-0.5200196823335802,1.3408796146259498,0.8802253038946135,-0.2855310737994986,0.3007306170519443,1.4934973541245538,-0.0083709240786037,2.186181424638711,-2.6230488466067,-1.3309775299877893
2.0353557830263,-0.5088938930012216,-0.7423290146462018,-0.5110660915913156,-1.540356509547697,-0.6577462311209422,-1.1503706324396128,0.8515153720156202,1.0770368456384485,1.7366297835966833
-0.7213663087701003,-1.7470248857571404,-0.5315631588112864,1.1755345657331215,1.7898651057421606,-0.5996134916178705,-2.2070448978633888,2.600037349469763,1.380888746405596,-0.06192571410751
2.26514669870435,-0.9308757508675506,-0.5579896639632087,0.6150445292815068,-0.3104247524385213,-2.355432059127464,0.0352256046907053,1.0029014522503812,-0.191158294843696,-0.1177920353138365
-2.0976105986715976,0.8920428177629178,-0.2367068138139924,0.2267467521362326,-0.6349417103018535,-0.0565749491203093,-0.1820040576547817,0.2091652141111883,0.6597748533325689,-0.0029333377892485
3.640056669645321,0.8323452114875763,-0.2765284749255691,0.8177144584588659,-0.3027605101591192,-0.6110952959829239,-1.4282114576832352,-0.3446540240189916,-1.4748764905467937,1.404427745711642
1.0019549114041,0.971875224194802,-0.8359660112063402,-0.560511326683193,1.4089928131233775,2.5145732599288326,1.0793030543599864,1.1527101294140638,-0.2997009803131127,-0.5981894623375484
2.012478905209723,-2.212101329357397,-0.4741219026962576,0.3773046500677215,-2.5914329188608964,0.8417485729133456,0.8110754258623675,-0.2378280214001318,-1.9071831436835844,-0.0119384087758223
0.3855388049075501,-1.0806157668331164,1.467999485797748,-0.5903748280079711,-0.8881581689213942,-0.5827170671396257,1.680464797046704,-1.3010818101463693,0.8890326254507139,-0.6710462232482419
1.8505238665945876,-0.1702476888444865,-1.3273857288330533,-1.147983052415349,0.1588510547014089,-0.9369338351876488,1.558758966831466,-1.682617736167229,-0.3118959119273033,0.9691951411718488
0.285010392172694,-2.3349839269695845,0.4809239623471061,-1.3892626693227843,-0.8801699607949709,0.1705141745054534,1.3709957314779826,2.9284381751101263,0.9096250299681896,0.3540514078514227
-0.198499912332109,-0.1551858154301509,0.6571858361140624,0.7549473296578912,1.268045031216531,1.5905607630317624,0.7775821083713347,-1.5483545002060288,0.6515023610418708,0.4329844291288013
-2.241374749786604,-0.3848446323132901,0.7823416779694067,-0.1031873586852512,-0.7207399207611548,-0.057158391503021,-0.3906805993254422,-0.7148162206603952,-0.4927891131340066,0.4909052975106707
-1.0288588116157105,-1.6126562779478355,0.3667107968428338,-1.3781339156881138,0.4356494769338127,-0.8820622737531142,-0.1081508741767891,1.1217289486140072,2.077577065339712,0.5333007846909716
-1.746412172122335,-0.5417457393621159,-0.4971869432930468,0.4543233632798905,0.6516145519217298,0.1437955829164111,1.1643194219403257,-1.739971925344774,-0.0643662632777137,-0.795233411959869
-0.0231838487503759,-2.2969001215522877,-0.4435134160095474,0.3278571032995248,0.0128718163135368,2.030369859746884,-2.311391676481008,-1.251158403220658,1.6251467900260208,0.6391943783538734
-0.6313879981220256,0.5493223301462016,-1.0246338762882512,1.101232107586609,-1.7531290706531428,1.1743239369409368,0.0099132323826433,3.1101841494894136,0.4182703190390656,-0.6644088322605987
-0.2895205364389595,-1.3210699110093609,-0.415440441851315,-0.962107460923796,-0.8024757084449949,0.1415793161893948,-1.774585108562298,-0.8730451584255154,0.4464348239064776,-1.234600657013673
-1.4272105144185323,2.216042503109594,-1.1042253951578669,0.229956828227447,-0.0708742059196052,0.0284594944667353,-0.5059816281389058,-0.1865933249235,-0.2338441842234399,-1.287271087690228
1.9253782917087865,0.1662462759850786,-1.823725300046766,0.7333136797731751,1.54663267968539,-0.273518222470539,-0.3192871661446087,-0.0929457744467621,-0.4821044542145482,0.7133843001663369
3.106158428794584,0.6459562388168609,-0.4036059975797813,0.3391333733813039,0.7086047089485512,-0.7538227073611923,0.2333080336910351,-0.3093294084041178,-0.2571255875303879,0.6344921499784104
1.5898961736919048,1.4101320060763745,0.1815353235431912,0.0964669442808365,1.0976213093016294,0.7697634552540666,0.2787022282812089,-0.0142071418392298,1.5944831957816037,-0.3260852637673058
-1.974336518892364,-0.0572643088754691,-0.1829712313599351,-1.0134458230343817,-0.4880175998169724,-0.483348663734983,-0.6835556229406439,0.2875946629347266,0.4350099662894351,0.3412904325685253
0.542940566944222,-0.669568697456644,1.0377146472092544,0.5099588825719407,-0.5579494190642575,1.5734520543697863,-0.8627655696568481,-1.4337645892786073,0.6698852171457464,0.6219428954168673
-2.9207287578781007,0.5430313292052353,0.2934641153620564,0.8977554362110824,-0.2844327065970786,0.7100686514277235,-0.10541975839632,-0.974488451813088,-0.5134093284634679,0.0362042553017029
-0.1189396115771393,2.33867699187661,1.98697324420374,-0.4072567370933266,1.0693680096499614,-0.1618424337812123,-1.411202460408378,1.1848571595148965,-1.5375519858269653,1.962948143578155
-0.864498274731633,0.8184851487063982,1.3879912998315704,0.8144332374862167,1.3807031332976245,-0.4749485197627965,0.8618420578719314,0.4432429710644468,-0.2738007652116124,0.0127604999943538
2.181619365466618,-1.6829642469883643,-0.4921239200610746,1.5005661449847665,-1.3879885726382075,2.6236040698427323,-1.1114304088655262,1.4458163140664058,-0.0986233906867981,0.2533717570197843
-1.456786640001565,0.8659460698992862,-1.325216429547869,0.3774658859064075,-0.7998081760507634,-0.4497953290771818,0.1574669602104525,-0.6598502096870661,-0.2704320686237388,-0.1662625824236332
-0.3328625452595411,0.7810802351594,1.516113808199628,-0.833580624393509,0.5921505698753894,-1.6462806012605151,0.4468827719929007,1.6346565987074064,0.1609083686369272,-0.1310291836626314
-3.1274576619444594,0.3848998789404864,0.427517159123733,-0.0145997827187708,-0.8364658720604087,0.0111281503195714,0.261475178772065,-0.7778118295704894,-0.5347838110944795,0.3878933090479289
-0.2229323560279972,-0.2712167691644304,0.5474556820931328,0.6323015653296575,1.2745443339890856,1.5913037116788895,0.7385688627014336,-1.586478491225821,0.680955970301688,0.3857970372964792
1.220249960652113,-1.522181755664166,0.2928803559858445,0.3133985917137511,-1.6736243668650463,-0.5777174767240817,-0.2668289040612266,-1.8273824098592064,-1.0330390833262513,-0.1120800629151714
-1.319197067952952,-0.7810762855290879,-0.9837436483271615,0.4709636558056091,1.2255280218505873,-0.3036247696568739,0.0829812909399428,-0.0238178060754753,0.8100734463943698,-0.6724529234039676
-1.7968509541118125,-0.0176103038678327,-0.3891149363741196,0.0899578986221959,1.690420623174869,1.0189069118619107,0.7422021497164075,-1.5995583540996756,-0.1928450436654796,1.1834066269910015
-2.0492975046143846,-0.9629480738329204,-0.2806001230481369,-0.1432832222415399,0.6292695977235147,-0.2786124435240664,0.984233684634192,-1.3246715101424784,-0.1801307247270168,-0.3601009797995486
-3.284023897998502,1.1260566330957231,0.056918063801854,0.582759211938289,-0.4940557033215101,0.3285335949245833,0.563458920529454,-1.3365872081386845,-1.099465812854781,0.0155443624842544
2.892785872134864,1.3495879085544813,-0.7215457651028452,-0.7003943458675264,-0.7331263199923131,-0.158163411837605,-0.5904957961599636,-1.058904804400081,-0.4928737163190979,0.5358339498320581
0.7621996987686086,-0.3727536498254603,-0.2170261354219976,0.5658277714111052,-0.9508102805858828,0.126994647204356,0.002967344601574,-2.0511185455007555,-1.509448297370028,1.3977292668376908
-3.476438882513144,0.6067528867120444,0.8842310059461029,1.0023277177741083,0.0479757321097279,0.362211697708694,-0.3234010233968698,-0.3105594232592273,-1.0717933407095224,0.7216066470839979
-1.666304348758507,1.5259327033092054,-0.6828609597028391,0.0743576255851906,-0.7372235101141581,0.074363711741468,0.4078896039528945,-0.8013318833201665,0.2789650476985254,-0.5152818455571528
-1.2625953849292693,-2.2321475664609425,-0.3899552826102958,0.5954717379759044,-1.139928067874084,-0.0210437106987517,-1.2948174999343165,-0.4991316054769003,0.4578406817774709,0.1060352173316446
1.0208825303631974,1.1625390724739475,-0.5841747491267617,-0.6630117476485848,0.052930516808212,0.0773888609286596,2.141130485703929,-1.362219685143877,1.0146947682535672,0.5927449824135033
0.4806245579569715,0.3381741269170693,-1.6739150450864295,-0.4559993734303102,-0.1331772373906262,-0.2502861416042714,1.5997794899839617,-1.1157811215617557,1.4880643463542498,0.8289792369514688
-1.3980378661566106,-0.7365018560150508,1.2812377951059684,0.9186401028470196,0.3962510322076847,0.1952184770434794,1.015859895702789,-0.4074556046795292,0.5829846175456651,-0.5000915783310094
2.216772655462205,-1.7860152881013742,1.8321403606009463,0.5373021223431954,0.7374244223703689,1.624384223153598,-1.42044465613334,-1.4235794187801174,0.7240422585803399,0.8176143443473447
-0.1213529892803011,0.6431048262613862,-1.1235936611658826,1.376673356479562,-0.9898538866278396,-1.8678080636137293,2.1850291843826,0.2560037055999892,0.4423204487562607,0.9725945844930048
0.2974332326548425,-1.934462880040242,-0.6000652121853061,-1.556656536446743,-0.6133690169037163,-0.3762206403440429,1.0096757348181475,-1.4442914406227307,1.3502721911868258,1.516830654046204
-1.5801788794611178,-1.1386956370064132,0.1522002644912729,1.6081339539953503,-1.2693127129705253,0.4300795965302392,-0.8297820681988048,-0.0936503561977904,0.9433715865433916,0.2658680775202158
2.563642788127124,0.2068896972744673,-0.0778688897190428,0.0721686446361191,0.6491352479173962,-0.6509571741923932,1.052016218370345,-1.1896338655551562,-0.5555081673389012,1.4947513275184272
3.230471277237236,0.39641452552538,0.3999450029726525,-1.8031778699095264,0.7294212910342033,2.007933907354297,1.321964614148643,0.6117725121959575,-0.4940348597935573,-0.9232270809043084
-0.3046626921929941,1.074715258665122,-0.93641710282448,0.0901234172852481,1.2549233118555754,-0.4403475883434567,0.2362204834860675,-0.1442906087267091,0.27910363159822,-1.4102333925485788
-1.8946928155235896,-0.7934485311784355,1.383935808228732,-0.3869335978279808,-0.3726770952944447,0.333871322931625,-0.646094726769103,-0.5752353916091753,-0.4921024001302584,0.0651612781875018
-2.542475729068772,0.4656489567137978,-0.278866446199765,-0.97920970047086,0.3433675677403601,-0.3193622645949992,-0.7388630471251783,0.0138406004699115,-0.5956542832864263,0.4758159301619594
-2.620722316631172,1.2537564389534084,-0.1164643506619142,-0.8150462467132481,-0.241229772806032,-0.3965839675767706,0.0358844437808707,-0.0157210917005023,-0.3019290946801256,0.4697133371632932
-2.755072750156423,-0.6813644736998653,0.3085814811969267,-0.3949626188248893,0.1320447076017417,0.360890991414847,-0.923566957313774,-0.8949222414350252,-0.8518724481210757,0.3897420886810313
-1.9336307712087268,-0.5191865710889187,-0.2890014607515165,0.6614159997140601,-0.3542478443580455,0.8240632244473421,-0.642506651113619,-1.5151796007275062,-0.2045221948953513,-0.5912942282953122
0.2018883812620727,-0.3870816086961061,1.291806263749028,-0.3803369128860899,-1.522077008799901,-1.974448078819162,-0.3184074832778782,1.1006940645115202,-0.6331632083672548,1.6253109725706352
-0.76573581149575,-0.6055700407758877,-0.1729039789931591,-1.027367528044164,-2.9633022862409124,1.8439154379906972,1.7851992055850496,-0.1026023035909741,0.4679218184776813,-0.6974814044966147
1.213487010110506,0.470468147240329,0.428305027032788,-1.7662987105500747,-2.1186895728410287,-0.376493098828892,0.7597932338314375,-1.4774627068696642,1.145483325437356,-1.113104141556499
-0.5562722554282314,1.387475110747027,-1.84012891941712,-0.2520709444862707,-0.8973398452468996,-0.8856958842124416,-0.3098860307478914,-0.4530060456502722,-0.4660118869606749,-1.107032236423449
1.09222134692571,0.932953721342982,-0.4398826967181692,-0.6602244953357507,1.0313572542286378,0.0724996197742313,1.4709555893560002,-1.5269146916926957,-0.139769458317168,0.8333937063956097
-0.1169560667800731,1.169365703914926,-1.5546746490282504,1.372174979136974,-0.7931011639206965,-0.9375387042884512,-0.8271220987108346,0.3901879943872717,-0.5555092139638923,-0.4302698913192044
-1.0796370882722963,-0.9371076448205656,-0.5834463055397395,-1.268782118068242,-0.5653336472106472,0.59561490685471,2.023641518210481,1.9539405243162475,0.694502380655411,-0.1564851135942363
1.218050092464445,2.238252761672857,0.1184726127718768,-0.830935098627967,-0.6900225011372556,0.5100388791494799,0.07042851843523,-0.9636758125229186,0.3581155283624396,0.0142324226229514
1.9451803301306885,0.867932892717749,0.3911368758796436,0.1759400310792238,-1.3469440610782497,-0.4860919271686921,-0.7664017101158926,0.1066227472497073,0.5834741212360796,-1.1654710594838071
2.139486896750276,0.9491576506708164,-0.9559429031104648,-1.3641732120817351,-0.9533997043253396,0.3023919889359433,-0.6437277626602159,-0.9239492667329484,0.8126019528677177,-0.1970616061419477
-1.606063518238679,-1.2679674002595818,-0.0067776076065921,-0.0805174355542337,0.91088170188186,-0.1438741873324413,0.5356055017255148,-1.286426951414133,-0.2224836224820424,-0.2612888735527756
-1.2861497700493765,0.9185703672623626,0.2728638635367593,0.0910711067008959,0.8006009739020282,0.0465041825228604,-0.6170286392995806,-0.7322209370589405,-1.7040209285604615,-0.4648529745832718
-2.2481265491033726,0.4875895898354068,1.2010349004634366,0.6663146300442331,-0.4289481664096417,0.6366154816484458,0.116873513038005,-0.9025520357629832,-0.7350084221123262,-0.2682911069587637
-0.5505721604692069,-0.7267025303771052,-1.248866043256446,0.552683058693469,-2.380335133320444,-0.739511247017442,0.6372609041101107,-1.831156468429412,-0.3332233190753985,-0.082733146948219
0.4981935392247411,-1.5140343026787164,1.5215726747650784,-0.4580015886451231,-1.8829389301977084,-0.2501506125152751,0.7232112217991202,-0.9179187412832672,1.6398258209087355,-0.7044453147124188
-0.7761565356495256,-1.6827724380783071,-0.0646093695915057,-0.8213942496372246,0.0403965698048888,-0.8963140446835481,0.0777130439309897,0.9158936020328228,2.330214380662365,0.0271851761882551
-0.9140171176160284,0.5936810619463098,-0.4847921259503369,-1.4829226995107794,-0.5565451975617025,-0.768475942387352,-1.178476172006038,0.5427406980036049,0.3728546436175679,-0.5475728315036339
-1.3043210702224426,0.0533775975793412,0.7561005470337753,0.3926429341413769,-0.8506942806562855,0.1100185151994043,0.2154550824895196,-1.237443044069303,-1.0856688702752402,0.0247059562249402
-0.7217843824157116,-3.1952541649811925,-1.193152229698642,-0.3560929559171379,-0.2867162395613492,0.5210560818446555,1.1407133673193346,0.930319655082562,-1.1820987164908945,0.5253685852082274
-2.167585511681648,-1.639031724914559,1.2478379768632644,-0.1211492953929435,-0.9612335966846668,-0.1712025458927997,-1.2251434595534745,0.4232000274626181,0.5822272852108832,0.8888849593728729
-2.422375197191566,1.0966329693638657,-0.3880296431385029,0.0802107555404089,-0.1223543798898311,-0.0452850149882576,-0.2361085728716132,-0.0423084541087798,-0.0786650730445806,0.0549371457216065
2.379780959164616,0.7279755566112238,1.0227977173957503,0.9453433393243116,-0.0750971882239545,-0.2116883368905117,1.3416179433993214,-0.3188305165815356,1.139635979559151,1.230142560240115
1.3076657069400082,1.4255403905058968,0.2081505709636266,-0.7259115867058137,0.9190256894729748,1.114860935723902,-1.4121729556287943,-0.9388376250671044,-0.4308655706174871,0.2041781567254486
0.2447741581623904,1.0039390457297654,-0.0973062050290684,-0.2337051413627247,-0.6444255105246808,2.663510421602936,0.890757110706718,0.7673582029588935,-0.5348639742452488,0.5271902063428803
1.1149438979473345,0.3637905809024759,0.1568332874550184,-0.5603060514770418,-1.6835573701103224,0.579873203251546,0.5260490018915145,1.7822142835184334,-1.2644342805491422,-0.6320044800060042
-1.4462791922942295,1.3114190634132938,-0.7287586895638418,1.3850376058497025,0.6059652816961519,0.636553068998252,-1.801765405381278,0.81302330600629,0.402259834477649,-1.125069577165987
-2.14863235241764,1.4031541159871506,-0.0511959450972967,0.4087608071729349,-0.5952671953321795,0.1581487870810197,0.0394017333397651,0.1676349490535772,0.7083552629714015,0.0469384028149932
1.8050572280096129,0.6546480176445185,-1.041226487711678,0.5932871068305045,0.5246772272065997,-0.1370045644616961,0.0219384225263326,0.102365878326557,1.4644022331623268,0.3874245169389704
1.1079227059919554,-0.5835732046717447,-0.0469404663089874,0.6829695563895778,0.3730961491166907,-0.5644849804035081,-0.4611010531137364,0.6188325761681799,1.8356287746553976,-1.1179337110675285
2.3872262716216315,1.0023104750202654,-0.6989702115274238,-0.0234572623864847,0.1795029500317123,0.2389023661801225,-1.431689742075083,-0.5939401690538677,-0.7733324916088676,0.680162556745135
0.1551035754627394,0.156321010095968,1.3312014071571068,0.1185207424690467,-2.645843315804476,-0.0508280948645126,1.119612428215936,-1.6689441300979608,0.6635264762297292,-0.9353679772273052
-1.3963871302527358,-0.2983787012012812,-0.1792987625480241,0.0285256711694305,-1.56899124705101,-1.7118746817874688,-0.3334386982715837,1.3271822932314394,0.1868684439136907,1.6927827510285718
0.1264745163983731,-1.0042061092650405,1.3465425582760449,-0.6863673513146268,0.6293826938194994,-1.0193083393071818,-0.877634372596776,2.374247319130461,1.860404641936928,-0.39750285866066
-0.1302616992525755,-2.434688852852873,0.4749246856848214,0.1744645268708907,-0.0058963781536673,-0.4300764597531822,0.4098844810987286,-0.6601873349474651,0.5665901844079745,-0.3846316432506131
-1.7962112319403518,0.1892072193502849,1.408403582848285,0.7010619456588141,-0.4121699950975044,0.9432037239044188,-0.2081597797317139,-0.8025970540269894,-0.1992767457605172,-0.2895301464720697
-1.2594461325717512,-1.1379106404983252,-0.3415389945603946,0.3707188686054948,0.4639382884352335,-1.0137931083839988,0.1381214380970374,1.2355430869726485,1.3678656553767885,0.6195114183556728
-0.4480615448927849,-0.0986003906856088,1.1055341009740811,0.3966087731150486,-1.6106029253296117,0.610158987042453,0.3486106569000697,-1.4900372078315094,0.5027206541994329,-0.9333312144597476
2.1854978785225727,1.1169302982064413,-0.4145894065243486,-0.974064686881038,0.3857923450731586,-0.1953427313364491,-1.2810147666604257,-1.1136096736958412,-1.6369145814405264,0.4102175828440277
-2.3558144759347885,0.493794399961113,-0.4446215224757549,0.1345691288343233,0.140249125680916,-0.0014006725411488,-0.7759235319091988,0.1425700139251656,-0.0594113578166852,0.0597161202416745
1.8533260374641871,0.661012696536252,0.4995684079101369,0.6828389938222855,-0.3687183174805077,0.6685940515656416,0.0773434610290947,-1.261677061597872,0.1471055618419099,0.1330060277239468
-3.1317860130353536,1.5966405173684994,0.2059409751544711,0.2782571307974124,0.0081748264856595,-0.083139204620674,-0.124908868080553,0.6315282770438612,-0.1136191900396356,0.6506388329366855
-0.1825597834615513,0.4659118517936164,-1.3124461223841506,0.9324699178450264,-0.9682907489434974,-0.3059537793217912,-1.291602687395053,0.6990483458975655,1.0708925826404994,-1.0493850062871355
3.2513986954585,0.1433397401642071,0.6301799498072806,0.4926559785873788,-0.0865498621350474,-2.2220122392788326,-0.0428782919317586,-0.3964735539169622,-2.875517788953122,-0.130088644958075
2.911271427760437,-1.6655125238673412,0.2260931733139576,1.8397384429586836,-0.0619742954227912,2.09370255149412,0.5219825711215146,1.196145018329006,-0.3006510445510997,0.6144412061400428
-0.386333838924559,1.0041733575125642,0.6513922682573229,-1.2777458514817832,-0.7974028829093667,-0.7315676253039677,-0.7234144571640785,0.7930577742260465,0.29449536385305,-0.7728477903341173
-1.135197463067829,0.2499234649142821,-0.4604892505253004,-0.5542367665196336,0.7953238508968637,-1.016275877713733,-0.0365916976223997,1.2083038685455985,1.065946787191593,-0.6331334873486566
-1.16308827148874,0.5322032689208394,1.6589280625391682,-1.2037483554752573,-0.426442196474857,-0.5429480552368287,0.0134520871994413,0.3568207580171683,-0.5813561789017928,-0.1511447182305406
0.7742746192586275,-0.3043824239033732,0.5765199757220191,-0.1406092822854932,0.3533034667609884,-0.7593903316766806,-0.1874078798248716,1.1698914296141532,1.6164036423649282,-1.3540246093889898
-1.83089092932062,-1.7083411913638775,0.4890383833599699,-0.7088854577739969,-0.0621808692455288,-0.079053598741449,-1.4616542648803217,-0.8603628160569391,-0.8661553325936319,0.4355667113141265
1.5573386300248826,3.0595358619387123,1.8674570956124907,0.3605328209332368,-0.010674930085808,0.8242782227098833,0.0286527997447125,-0.3730335300766065,-0.5162924352098772,0.2006917201546749
2.7793915220347203,0.6595277131341187,-0.6703873929502255,1.587002137644318,0.1552967091234165,-0.8715507916156029,0.0642500225646088,0.4130517513983107,0.7468956340951206,1.1131461662040842
0.0741537049290333,0.2049485031304831,0.484547263255046,-0.212631678994821,-1.361816976266425,1.4309812576764205,0.3846237849781639,-1.985987621271387,0.9892291276511724,0.3015741957671822
-3.158240035766241,1.6423763427511622,0.2424647672125741,0.4629557440880598,-0.4108614994788743,-0.2390372137589514,0.1058087922481097,0.8265088144512408,0.2090575188251449,0.628999713491445
2.6673432896137506,-0.6256205328239113,-0.4727360923020364,0.6656632179136035,-1.3549114311279566,0.7580393395298448,1.7244733990987298,2.048343170655658,1.015474430053753,-1.1513637226233495
1.1159380517415252,0.3654005751496247,0.2800176717075216,-0.3605762029981457,-0.6426246597623363,1.617085402651368,-0.97767505176101,-1.477569244039492,0.8870280583367083,-0.502641652847026
-0.6817849901783086,1.4682331502055574,1.124137183618907,-2.042312332921086,-0.1840079417877367,-1.0366725134446246,-0.6744817465694015,0.6355532341240775,-0.9172072261150568,-0.1293998406199165
2.6229877038920053,-0.0549734499592923,-0.1058317205656562,0.9028263528575616,-2.1982595266632923,0.3018242914714962,0.080385477324136,2.149830864558065,-1.0553445501085787,-0.7700987028098037
1.8757042891077589,2.3817747904916784,0.0008163163652071,0.2780084751407564,-1.50664431864916,0.4132283918958932,0.1347603022851861,-0.1631627750101503,1.2896697130324242,0.1490834800441604
-1.3133254839343556,-1.5146948433615013,0.8903550846576233,0.3406156790200386,0.2014614372539365,-0.7031214523710039,0.8631806419557415,-0.1401154070449832,-0.0770678440456363,0.2490025673988864
-2.6011096266985274,1.412841818706021,0.0551725334261909,1.09083500316711,-0.1292711965507774,0.3542345624324674,-0.3270391923934482,0.587092397034798,0.5365432723052114,0.1878755333340019
